source,medium,colloid_um,velocity_mday,IS_mM,chemistry,condition_id,curve,x,x_type,value,C0_per_mL,column_role,workbook_tab,workbook_col
Tong,glass,0.2,4.0,50.0,favorable,glass_Tong_0.2um_4mday_50mM_favor,RP,0.01269,distance_m,9.087,5570000.0,primary,Microspheres Glass Beads Tong,B
Tong,glass,0.2,4.0,50.0,favorable,glass_Tong_0.2um_4mday_50mM_favor,RP,0.03148,distance_m,8.2009,5570000.0,primary,Microspheres Glass Beads Tong,B
Tong,glass,0.2,4.0,50.0,favorable,glass_Tong_0.2um_4mday_50mM_favor,RP,0.04662,distance_m,7.7236,5570000.0,primary,Microspheres Glass Beads Tong,B
Tong,glass,0.2,4.0,50.0,favorable,glass_Tong_0.2um_4mday_50mM_favor,RP,0.066,distance_m,7.1169,5570000.0,primary,Microspheres Glass Beads Tong,B
Tong,glass,0.2,4.0,50.0,favorable,glass_Tong_0.2um_4mday_50mM_favor,RP,0.08466,distance_m,6.7318,5570000.0,primary,Microspheres Glass Beads Tong,B
Tong,glass,0.2,4.0,50.0,favorable,glass_Tong_0.2um_4mday_50mM_favor,RP,0.10428,distance_m,6.4282,5570000.0,primary,Microspheres Glass Beads Tong,B
Tong,glass,0.2,4.0,50.0,favorable,glass_Tong_0.2um_4mday_50mM_favor,RP,0.12512,distance_m,6.1422,5570000.0,primary,Microspheres Glass Beads Tong,B
Tong,glass,0.2,4.0,50.0,favorable,glass_Tong_0.2um_4mday_50mM_favor,RP,0.14643,distance_m,5.7881,5570000.0,primary,Microspheres Glass Beads Tong,B
Tong,glass,0.2,4.0,50.0,favorable,glass_Tong_0.2um_4mday_50mM_favor,RP,0.16724,distance_m,5.4742,5570000.0,primary,Microspheres Glass Beads Tong,B
Tong,glass,0.2,4.0,50.0,favorable,glass_Tong_0.2um_4mday_50mM_favor,RP,0.18731,distance_m,4.9785,5570000.0,primary,Microspheres Glass Beads Tong,B
Tong,glass,0.2,4.0,50.0,favorable,glass_Tong_0.2um_4mday_50mM_favor,BTEC_ND,4.68862,PV,-5.301,5570000.0,primary,Microspheres Glass Beads Tong,B
Tong,glass,0.2,4.0,50.0,favorable,glass_Tong_0.2um_4mday_50mM_favor,BTEC_ND,5.52216,PV,-5.301,5570000.0,primary,Microspheres Glass Beads Tong,B
Tong,glass,0.2,4.0,50.0,favorable,glass_Tong_0.2um_4mday_50mM_favor,BTEC_ND,6.35569,PV,-5.301,5570000.0,primary,Microspheres Glass Beads Tong,B
Tong,glass,0.2,4.0,50.0,favorable,glass_Tong_0.2um_4mday_50mM_favor,BTEC_ND,7.18922,PV,-5.301,5570000.0,primary,Microspheres Glass Beads Tong,B
Tong,glass,0.2,4.0,50.0,favorable,glass_Tong_0.2um_4mday_50mM_favor,BTEC_ND,8.02275,PV,-5.301,5570000.0,primary,Microspheres Glass Beads Tong,B
Tong,glass,0.2,4.0,50.0,favorable,glass_Tong_0.2um_4mday_50mM_favor,BTEC_ND,9.06467,PV,-5.301,5570000.0,primary,Microspheres Glass Beads Tong,B
Tong,glass,0.2,4.0,50.0,favorable,glass_Tong_0.2um_4mday_50mM_favor,BTEC_ND,9.8982,PV,-5.301,5570000.0,primary,Microspheres Glass Beads Tong,B
Tong,glass,0.2,4.0,20.0,unfavorable,glass_Tong_0.2um_4mday_20mM_unfav,BTEC,0.69461,PV,-4.3933,11399999.999999998,primary,Microspheres Glass Beads Tong,E
Tong,glass,0.2,4.0,20.0,unfavorable,glass_Tong_0.2um_4mday_20mM_unfav,BTEC,0.83353,PV,-4.1149,11399999.999999998,primary,Microspheres Glass Beads Tong,E
Tong,glass,0.2,4.0,20.0,unfavorable,glass_Tong_0.2um_4mday_20mM_unfav,BTEC,0.97246,PV,-1.571,11399999.999999998,primary,Microspheres Glass Beads Tong,E
Tong,glass,0.2,4.0,20.0,unfavorable,glass_Tong_0.2um_4mday_20mM_unfav,BTEC,1.04192,PV,-0.8458,11399999.999999998,primary,Microspheres Glass Beads Tong,E
Tong,glass,0.2,4.0,20.0,unfavorable,glass_Tong_0.2um_4mday_20mM_unfav,BTEC,1.14611,PV,-0.1089,11399999.999999998,primary,Microspheres Glass Beads Tong,E
Tong,glass,0.2,4.0,20.0,unfavorable,glass_Tong_0.2um_4mday_20mM_unfav,BTEC,1.35449,PV,-0.0977,11399999.999999998,primary,Microspheres Glass Beads Tong,E
Tong,glass,0.2,4.0,20.0,unfavorable,glass_Tong_0.2um_4mday_20mM_unfav,BTEC,1.56287,PV,-0.106,11399999.999999998,primary,Microspheres Glass Beads Tong,E
Tong,glass,0.2,4.0,20.0,unfavorable,glass_Tong_0.2um_4mday_20mM_unfav,BTEC,1.97964,PV,-0.0963,11399999.999999998,primary,Microspheres Glass Beads Tong,E
Tong,glass,0.2,4.0,20.0,unfavorable,glass_Tong_0.2um_4mday_20mM_unfav,BTEC,2.39641,PV,-0.0959,11399999.999999998,primary,Microspheres Glass Beads Tong,E
Tong,glass,0.2,4.0,20.0,unfavorable,glass_Tong_0.2um_4mday_20mM_unfav,BTEC,2.81317,PV,-0.1066,11399999.999999998,primary,Microspheres Glass Beads Tong,E
Tong,glass,0.2,4.0,20.0,unfavorable,glass_Tong_0.2um_4mday_20mM_unfav,BTEC,3.02156,PV,-0.094,11399999.999999998,primary,Microspheres Glass Beads Tong,E
Tong,glass,0.2,4.0,20.0,unfavorable,glass_Tong_0.2um_4mday_20mM_unfav,BTEC,3.22994,PV,-0.1104,11399999.999999998,primary,Microspheres Glass Beads Tong,E
Tong,glass,0.2,4.0,20.0,unfavorable,glass_Tong_0.2um_4mday_20mM_unfav,BTEC,3.54251,PV,-0.1029,11399999.999999998,primary,Microspheres Glass Beads Tong,E
Tong,glass,0.2,4.0,20.0,unfavorable,glass_Tong_0.2um_4mday_20mM_unfav,BTEC,3.7509,PV,-0.1055,11399999.999999998,primary,Microspheres Glass Beads Tong,E
Tong,glass,0.2,4.0,20.0,unfavorable,glass_Tong_0.2um_4mday_20mM_unfav,BTEC,3.82036,PV,-0.3265,11399999.999999998,primary,Microspheres Glass Beads Tong,E
Tong,glass,0.2,4.0,20.0,unfavorable,glass_Tong_0.2um_4mday_20mM_unfav,BTEC,3.88982,PV,-0.339,11399999.999999998,primary,Microspheres Glass Beads Tong,E
Tong,glass,0.2,4.0,20.0,unfavorable,glass_Tong_0.2um_4mday_20mM_unfav,BTEC,3.95928,PV,-0.3126,11399999.999999998,primary,Microspheres Glass Beads Tong,E
Tong,glass,0.2,4.0,20.0,unfavorable,glass_Tong_0.2um_4mday_20mM_unfav,BTEC,4.02874,PV,-0.4062,11399999.999999998,primary,Microspheres Glass Beads Tong,E
Tong,glass,0.2,4.0,20.0,unfavorable,glass_Tong_0.2um_4mday_20mM_unfav,BTEC,4.0982,PV,-0.4909,11399999.999999998,primary,Microspheres Glass Beads Tong,E
Tong,glass,0.2,4.0,20.0,unfavorable,glass_Tong_0.2um_4mday_20mM_unfav,BTEC,4.16766,PV,-0.6413,11399999.999999998,primary,Microspheres Glass Beads Tong,E
Tong,glass,0.2,4.0,20.0,unfavorable,glass_Tong_0.2um_4mday_20mM_unfav,BTEC,4.27186,PV,-0.9769,11399999.999999998,primary,Microspheres Glass Beads Tong,E
Tong,glass,0.2,4.0,20.0,unfavorable,glass_Tong_0.2um_4mday_20mM_unfav,BTEC,4.68862,PV,-1.6963,11399999.999999998,primary,Microspheres Glass Beads Tong,E
Tong,glass,0.2,4.0,20.0,unfavorable,glass_Tong_0.2um_4mday_20mM_unfav,BTEC,5.52216,PV,-1.7986,11399999.999999998,primary,Microspheres Glass Beads Tong,E
Tong,glass,0.2,4.0,20.0,unfavorable,glass_Tong_0.2um_4mday_20mM_unfav,BTEC,6.35569,PV,-1.868,11399999.999999998,primary,Microspheres Glass Beads Tong,E
Tong,glass,0.2,4.0,20.0,unfavorable,glass_Tong_0.2um_4mday_20mM_unfav,BTEC,7.18922,PV,-1.8362,11399999.999999998,primary,Microspheres Glass Beads Tong,E
Tong,glass,0.2,4.0,20.0,unfavorable,glass_Tong_0.2um_4mday_20mM_unfav,BTEC,8.02275,PV,-1.8978,11399999.999999998,primary,Microspheres Glass Beads Tong,E
Tong,glass,0.2,4.0,20.0,unfavorable,glass_Tong_0.2um_4mday_20mM_unfav,BTEC,9.06467,PV,-1.9559,11399999.999999998,primary,Microspheres Glass Beads Tong,E
Tong,glass,0.2,4.0,20.0,unfavorable,glass_Tong_0.2um_4mday_20mM_unfav,BTEC,9.8982,PV,-1.9721,11399999.999999998,primary,Microspheres Glass Beads Tong,E
Tong,glass,0.2,4.0,20.0,unfavorable,glass_Tong_0.2um_4mday_20mM_unfav,RP,0.0102,distance_m,8.5913,11399999.999999998,primary,Microspheres Glass Beads Tong,E
Tong,glass,0.2,4.0,20.0,unfavorable,glass_Tong_0.2um_4mday_20mM_unfav,RP,0.02754,distance_m,8.007,11399999.999999998,primary,Microspheres Glass Beads Tong,E
Tong,glass,0.2,4.0,20.0,unfavorable,glass_Tong_0.2um_4mday_20mM_unfav,RP,0.04756,distance_m,7.5592,11399999.999999998,primary,Microspheres Glass Beads Tong,E
Tong,glass,0.2,4.0,20.0,unfavorable,glass_Tong_0.2um_4mday_20mM_unfav,RP,0.06781,distance_m,7.2267,11399999.999999998,primary,Microspheres Glass Beads Tong,E
Tong,glass,0.2,4.0,20.0,unfavorable,glass_Tong_0.2um_4mday_20mM_unfav,RP,0.08671,distance_m,7.1699,11399999.999999998,primary,Microspheres Glass Beads Tong,E
Tong,glass,0.2,4.0,20.0,unfavorable,glass_Tong_0.2um_4mday_20mM_unfav,RP,0.10833,distance_m,7.13,11399999.999999998,primary,Microspheres Glass Beads Tong,E
Tong,glass,0.2,4.0,20.0,unfavorable,glass_Tong_0.2um_4mday_20mM_unfav,RP,0.12819,distance_m,7.0672,11399999.999999998,primary,Microspheres Glass Beads Tong,E
Tong,glass,0.2,4.0,20.0,unfavorable,glass_Tong_0.2um_4mday_20mM_unfav,RP,0.14919,distance_m,7.0238,11399999.999999998,primary,Microspheres Glass Beads Tong,E
Tong,glass,0.2,4.0,20.0,unfavorable,glass_Tong_0.2um_4mday_20mM_unfav,RP,0.1701,distance_m,7.1277,11399999.999999998,primary,Microspheres Glass Beads Tong,E
Tong,glass,0.2,4.0,20.0,unfavorable,glass_Tong_0.2um_4mday_20mM_unfav,RP,0.1898,distance_m,7.1019,11399999.999999998,primary,Microspheres Glass Beads Tong,E
Tong,glass,0.5,4.0,50.0,favorable,glass_Tong_0.5um_4mday_50mM_favor,BTEC,0.69461,PV,-4.7465,6260000.0,primary,Microspheres Glass Beads Tong,L
Tong,glass,0.5,4.0,50.0,favorable,glass_Tong_0.5um_4mday_50mM_favor,BTEC,0.83353,PV,-4.2876,6260000.0,primary,Microspheres Glass Beads Tong,L
Tong,glass,0.5,4.0,50.0,favorable,glass_Tong_0.5um_4mday_50mM_favor,BTEC,0.97246,PV,-3.5391,6260000.0,primary,Microspheres Glass Beads Tong,L
Tong,glass,0.5,4.0,50.0,favorable,glass_Tong_0.5um_4mday_50mM_favor,BTEC,1.04192,PV,-3.5165,6260000.0,primary,Microspheres Glass Beads Tong,L
Tong,glass,0.5,4.0,50.0,favorable,glass_Tong_0.5um_4mday_50mM_favor,BTEC,1.14611,PV,-3.4189,6260000.0,primary,Microspheres Glass Beads Tong,L
Tong,glass,0.5,4.0,50.0,favorable,glass_Tong_0.5um_4mday_50mM_favor,BTEC,1.35449,PV,-3.4189,6260000.0,primary,Microspheres Glass Beads Tong,L
Tong,glass,0.5,4.0,50.0,favorable,glass_Tong_0.5um_4mday_50mM_favor,BTEC,1.56287,PV,-3.3855,6260000.0,primary,Microspheres Glass Beads Tong,L
Tong,glass,0.5,4.0,50.0,favorable,glass_Tong_0.5um_4mday_50mM_favor,BTEC,1.97964,PV,-3.0224,6260000.0,primary,Microspheres Glass Beads Tong,L
Tong,glass,0.5,4.0,50.0,favorable,glass_Tong_0.5um_4mday_50mM_favor,BTEC,2.39641,PV,-3.0027,6260000.0,primary,Microspheres Glass Beads Tong,L
Tong,glass,0.5,4.0,50.0,favorable,glass_Tong_0.5um_4mday_50mM_favor,BTEC,2.81317,PV,-2.8621,6260000.0,primary,Microspheres Glass Beads Tong,L
Tong,glass,0.5,4.0,50.0,favorable,glass_Tong_0.5um_4mday_50mM_favor,BTEC,3.02156,PV,-2.9963,6260000.0,primary,Microspheres Glass Beads Tong,L
Tong,glass,0.5,4.0,50.0,favorable,glass_Tong_0.5um_4mday_50mM_favor,BTEC,3.22994,PV,-2.9777,6260000.0,primary,Microspheres Glass Beads Tong,L
Tong,glass,0.5,4.0,50.0,favorable,glass_Tong_0.5um_4mday_50mM_favor,BTEC,3.54251,PV,-2.8104,6260000.0,primary,Microspheres Glass Beads Tong,L
Tong,glass,0.5,4.0,50.0,favorable,glass_Tong_0.5um_4mday_50mM_favor,BTEC,3.7509,PV,-2.7196,6260000.0,primary,Microspheres Glass Beads Tong,L
Tong,glass,0.5,4.0,50.0,favorable,glass_Tong_0.5um_4mday_50mM_favor,BTEC,3.82036,PV,-2.8104,6260000.0,primary,Microspheres Glass Beads Tong,L
Tong,glass,0.5,4.0,50.0,favorable,glass_Tong_0.5um_4mday_50mM_favor,BTEC,3.88982,PV,-2.8442,6260000.0,primary,Microspheres Glass Beads Tong,L
Tong,glass,0.5,4.0,50.0,favorable,glass_Tong_0.5um_4mday_50mM_favor,BTEC,3.95928,PV,-3.2987,6260000.0,primary,Microspheres Glass Beads Tong,L
Tong,glass,0.5,4.0,50.0,favorable,glass_Tong_0.5um_4mday_50mM_favor,BTEC,4.02874,PV,-3.7846,6260000.0,primary,Microspheres Glass Beads Tong,L
Tong,glass,0.5,4.0,50.0,favorable,glass_Tong_0.5um_4mday_50mM_favor,BTEC,4.0982,PV,-3.6441,6260000.0,primary,Microspheres Glass Beads Tong,L
Tong,glass,0.5,4.0,50.0,favorable,glass_Tong_0.5um_4mday_50mM_favor,BTEC,4.27186,PV,-3.9336,6260000.0,primary,Microspheres Glass Beads Tong,L
Tong,glass,0.5,4.0,50.0,favorable,glass_Tong_0.5um_4mday_50mM_favor,BTEC,4.68862,PV,-4.1674,6260000.0,primary,Microspheres Glass Beads Tong,L
Tong,glass,0.5,4.0,50.0,favorable,glass_Tong_0.5um_4mday_50mM_favor,RP,0.01237,distance_m,8.8466,6260000.0,primary,Microspheres Glass Beads Tong,L
Tong,glass,0.5,4.0,50.0,favorable,glass_Tong_0.5um_4mday_50mM_favor,RP,0.03247,distance_m,8.4881,6260000.0,primary,Microspheres Glass Beads Tong,L
Tong,glass,0.5,4.0,50.0,favorable,glass_Tong_0.5um_4mday_50mM_favor,RP,0.05254,distance_m,8.1473,6260000.0,primary,Microspheres Glass Beads Tong,L
Tong,glass,0.5,4.0,50.0,favorable,glass_Tong_0.5um_4mday_50mM_favor,RP,0.07194,distance_m,7.7546,6260000.0,primary,Microspheres Glass Beads Tong,L
Tong,glass,0.5,4.0,50.0,favorable,glass_Tong_0.5um_4mday_50mM_favor,RP,0.09112,distance_m,7.4469,6260000.0,primary,Microspheres Glass Beads Tong,L
Tong,glass,0.5,4.0,50.0,favorable,glass_Tong_0.5um_4mday_50mM_favor,RP,0.11001,distance_m,7.0991,6260000.0,primary,Microspheres Glass Beads Tong,L
Tong,glass,0.5,4.0,50.0,favorable,glass_Tong_0.5um_4mday_50mM_favor,RP,0.12899,distance_m,6.8529,6260000.0,primary,Microspheres Glass Beads Tong,L
Tong,glass,0.5,4.0,50.0,favorable,glass_Tong_0.5um_4mday_50mM_favor,RP,0.14801,distance_m,6.5303,6260000.0,primary,Microspheres Glass Beads Tong,L
Tong,glass,0.5,4.0,50.0,favorable,glass_Tong_0.5um_4mday_50mM_favor,RP,0.16734,distance_m,6.2317,6260000.0,primary,Microspheres Glass Beads Tong,L
Tong,glass,0.5,4.0,50.0,favorable,glass_Tong_0.5um_4mday_50mM_favor,RP,0.18763,distance_m,5.9987,6260000.0,primary,Microspheres Glass Beads Tong,L
Tong,glass,0.5,4.0,50.0,favorable,glass_Tong_0.5um_4mday_50mM_favor,BTEC_ND,5.52216,PV,-5.301,6260000.0,primary,Microspheres Glass Beads Tong,L
Tong,glass,0.5,4.0,50.0,favorable,glass_Tong_0.5um_4mday_50mM_favor,BTEC_ND,6.35569,PV,-5.301,6260000.0,primary,Microspheres Glass Beads Tong,L
Tong,glass,0.5,4.0,50.0,favorable,glass_Tong_0.5um_4mday_50mM_favor,BTEC_ND,7.18922,PV,-5.301,6260000.0,primary,Microspheres Glass Beads Tong,L
Tong,glass,0.5,4.0,50.0,favorable,glass_Tong_0.5um_4mday_50mM_favor,BTEC_ND,8.02275,PV,-5.301,6260000.0,primary,Microspheres Glass Beads Tong,L
Tong,glass,0.5,4.0,50.0,favorable,glass_Tong_0.5um_4mday_50mM_favor,BTEC_ND,9.06467,PV,-5.301,6260000.0,primary,Microspheres Glass Beads Tong,L
Tong,glass,0.5,4.0,50.0,favorable,glass_Tong_0.5um_4mday_50mM_favor,BTEC_ND,9.8982,PV,-5.301,6260000.0,primary,Microspheres Glass Beads Tong,L
Tong,glass,0.5,4.0,20.0,unfavorable,glass_Tong_0.5um_4mday_20mM_unfav,BTEC,0.69461,PV,-4.7902,4930000.0,primary,Microspheres Glass Beads Tong,O
Tong,glass,0.5,4.0,20.0,unfavorable,glass_Tong_0.5um_4mday_20mM_unfav,BTEC,0.83353,PV,-2.0547,4930000.0,primary,Microspheres Glass Beads Tong,O
Tong,glass,0.5,4.0,20.0,unfavorable,glass_Tong_0.5um_4mday_20mM_unfav,BTEC,0.97246,PV,-0.9243,4930000.0,primary,Microspheres Glass Beads Tong,O
Tong,glass,0.5,4.0,20.0,unfavorable,glass_Tong_0.5um_4mday_20mM_unfav,BTEC,1.04192,PV,-0.4698,4930000.0,primary,Microspheres Glass Beads Tong,O
Tong,glass,0.5,4.0,20.0,unfavorable,glass_Tong_0.5um_4mday_20mM_unfav,BTEC,1.2503,PV,-0.0283,4930000.0,primary,Microspheres Glass Beads Tong,O
Tong,glass,0.5,4.0,20.0,unfavorable,glass_Tong_0.5um_4mday_20mM_unfav,BTEC,1.35449,PV,-0.0341,4930000.0,primary,Microspheres Glass Beads Tong,O
Tong,glass,0.5,4.0,20.0,unfavorable,glass_Tong_0.5um_4mday_20mM_unfav,BTEC,1.56287,PV,-0.0238,4930000.0,primary,Microspheres Glass Beads Tong,O
Tong,glass,0.5,4.0,20.0,unfavorable,glass_Tong_0.5um_4mday_20mM_unfav,BTEC,1.77126,PV,-0.0108,4930000.0,primary,Microspheres Glass Beads Tong,O
Tong,glass,0.5,4.0,20.0,unfavorable,glass_Tong_0.5um_4mday_20mM_unfav,BTEC,1.97964,PV,-0.0418,4930000.0,primary,Microspheres Glass Beads Tong,O
Tong,glass,0.5,4.0,20.0,unfavorable,glass_Tong_0.5um_4mday_20mM_unfav,BTEC,2.18802,PV,-0.0185,4930000.0,primary,Microspheres Glass Beads Tong,O
Tong,glass,0.5,4.0,20.0,unfavorable,glass_Tong_0.5um_4mday_20mM_unfav,BTEC,2.39641,PV,-0.0335,4930000.0,primary,Microspheres Glass Beads Tong,O
Tong,glass,0.5,4.0,20.0,unfavorable,glass_Tong_0.5um_4mday_20mM_unfav,BTEC,2.81317,PV,-0.0551,4930000.0,primary,Microspheres Glass Beads Tong,O
Tong,glass,0.5,4.0,20.0,unfavorable,glass_Tong_0.5um_4mday_20mM_unfav,BTEC,3.02156,PV,-0.0398,4930000.0,primary,Microspheres Glass Beads Tong,O
Tong,glass,0.5,4.0,20.0,unfavorable,glass_Tong_0.5um_4mday_20mM_unfav,BTEC,3.22994,PV,-0.0067,4930000.0,primary,Microspheres Glass Beads Tong,O
Tong,glass,0.5,4.0,20.0,unfavorable,glass_Tong_0.5um_4mday_20mM_unfav,BTEC,3.54251,PV,0.0059,4930000.0,primary,Microspheres Glass Beads Tong,O
Tong,glass,0.5,4.0,20.0,unfavorable,glass_Tong_0.5um_4mday_20mM_unfav,BTEC,3.7509,PV,-0.0188,4930000.0,primary,Microspheres Glass Beads Tong,O
Tong,glass,0.5,4.0,20.0,unfavorable,glass_Tong_0.5um_4mday_20mM_unfav,BTEC,3.88982,PV,-0.0141,4930000.0,primary,Microspheres Glass Beads Tong,O
Tong,glass,0.5,4.0,20.0,unfavorable,glass_Tong_0.5um_4mday_20mM_unfav,BTEC,3.95928,PV,-0.059,4930000.0,primary,Microspheres Glass Beads Tong,O
Tong,glass,0.5,4.0,20.0,unfavorable,glass_Tong_0.5um_4mday_20mM_unfav,BTEC,4.02874,PV,-0.2045,4930000.0,primary,Microspheres Glass Beads Tong,O
Tong,glass,0.5,4.0,20.0,unfavorable,glass_Tong_0.5um_4mday_20mM_unfav,BTEC,4.16766,PV,-0.6565,4930000.0,primary,Microspheres Glass Beads Tong,O
Tong,glass,0.5,4.0,20.0,unfavorable,glass_Tong_0.5um_4mday_20mM_unfav,BTEC,4.27186,PV,-1.4438,4930000.0,primary,Microspheres Glass Beads Tong,O
Tong,glass,0.5,4.0,20.0,unfavorable,glass_Tong_0.5um_4mday_20mM_unfav,BTEC,4.51497,PV,-1.9349,4930000.0,primary,Microspheres Glass Beads Tong,O
Tong,glass,0.5,4.0,20.0,unfavorable,glass_Tong_0.5um_4mday_20mM_unfav,BTEC,4.72335,PV,-2.0011,4930000.0,primary,Microspheres Glass Beads Tong,O
Tong,glass,0.5,4.0,20.0,unfavorable,glass_Tong_0.5um_4mday_20mM_unfav,BTEC,5.52216,PV,-2.1817,4930000.0,primary,Microspheres Glass Beads Tong,O
Tong,glass,0.5,4.0,20.0,unfavorable,glass_Tong_0.5um_4mday_20mM_unfav,BTEC,5.93892,PV,-2.2766,4930000.0,primary,Microspheres Glass Beads Tong,O
Tong,glass,0.5,4.0,20.0,unfavorable,glass_Tong_0.5um_4mday_20mM_unfav,BTEC,6.77246,PV,-2.2725,4930000.0,primary,Microspheres Glass Beads Tong,O
Tong,glass,0.5,4.0,20.0,unfavorable,glass_Tong_0.5um_4mday_20mM_unfav,BTEC,7.60599,PV,-2.3401,4930000.0,primary,Microspheres Glass Beads Tong,O
Tong,glass,0.5,4.0,20.0,unfavorable,glass_Tong_0.5um_4mday_20mM_unfav,BTEC,8.43952,PV,-2.4266,4930000.0,primary,Microspheres Glass Beads Tong,O
Tong,glass,0.5,4.0,20.0,unfavorable,glass_Tong_0.5um_4mday_20mM_unfav,BTEC,9.27305,PV,-2.3,4930000.0,primary,Microspheres Glass Beads Tong,O
Tong,glass,0.5,4.0,20.0,unfavorable,glass_Tong_0.5um_4mday_20mM_unfav,BTEC,9.8982,PV,-2.3939,4930000.0,primary,Microspheres Glass Beads Tong,O
Tong,glass,0.5,4.0,20.0,unfavorable,glass_Tong_0.5um_4mday_20mM_unfav,RP,0.01095,distance_m,7.1309,4930000.0,primary,Microspheres Glass Beads Tong,O
Tong,glass,0.5,4.0,20.0,unfavorable,glass_Tong_0.5um_4mday_20mM_unfav,RP,0.03117,distance_m,6.8779,4930000.0,primary,Microspheres Glass Beads Tong,O
Tong,glass,0.5,4.0,20.0,unfavorable,glass_Tong_0.5um_4mday_20mM_unfav,RP,0.04992,distance_m,6.682,4930000.0,primary,Microspheres Glass Beads Tong,O
Tong,glass,0.5,4.0,20.0,unfavorable,glass_Tong_0.5um_4mday_20mM_unfav,RP,0.06932,distance_m,6.629,4930000.0,primary,Microspheres Glass Beads Tong,O
Tong,glass,0.5,4.0,20.0,unfavorable,glass_Tong_0.5um_4mday_20mM_unfav,RP,0.08929,distance_m,6.4966,4930000.0,primary,Microspheres Glass Beads Tong,O
Tong,glass,0.5,4.0,20.0,unfavorable,glass_Tong_0.5um_4mday_20mM_unfav,RP,0.10909,distance_m,6.3543,4930000.0,primary,Microspheres Glass Beads Tong,O
Tong,glass,0.5,4.0,20.0,unfavorable,glass_Tong_0.5um_4mday_20mM_unfav,RP,0.12829,distance_m,6.3371,4930000.0,primary,Microspheres Glass Beads Tong,O
Tong,glass,0.5,4.0,20.0,unfavorable,glass_Tong_0.5um_4mday_20mM_unfav,RP,0.14811,distance_m,6.2986,4930000.0,primary,Microspheres Glass Beads Tong,O
Tong,glass,0.5,4.0,20.0,unfavorable,glass_Tong_0.5um_4mday_20mM_unfav,RP,0.16773,distance_m,6.2726,4930000.0,primary,Microspheres Glass Beads Tong,O
Tong,glass,0.5,4.0,20.0,unfavorable,glass_Tong_0.5um_4mday_20mM_unfav,RP,0.18905,distance_m,6.1937,4930000.0,primary,Microspheres Glass Beads Tong,O
Tong,glass,0.5,4.0,50.0,unfavorable,glass_Tong_0.5um_4mday_50mM_unfav,BTEC,0.76867,PV,-3.3574,6110000.0,primary,Microspheres Glass Beads Tong,U
Tong,glass,0.5,4.0,50.0,unfavorable,glass_Tong_0.5um_4mday_50mM_unfav,BTEC,0.83855,PV,-2.5682,6110000.0,primary,Microspheres Glass Beads Tong,U
Tong,glass,0.5,4.0,50.0,unfavorable,glass_Tong_0.5um_4mday_50mM_unfav,BTEC,0.97831,PV,-1.2439,6110000.0,primary,Microspheres Glass Beads Tong,U
Tong,glass,0.5,4.0,50.0,unfavorable,glass_Tong_0.5um_4mday_50mM_unfav,BTEC,1.04819,PV,-0.9373,6110000.0,primary,Microspheres Glass Beads Tong,U
Tong,glass,0.5,4.0,50.0,unfavorable,glass_Tong_0.5um_4mday_50mM_unfav,BTEC,1.15301,PV,-0.5554,6110000.0,primary,Microspheres Glass Beads Tong,U
Tong,glass,0.5,4.0,50.0,unfavorable,glass_Tong_0.5um_4mday_50mM_unfav,BTEC,1.25783,PV,-0.4493,6110000.0,primary,Microspheres Glass Beads Tong,U
Tong,glass,0.5,4.0,50.0,unfavorable,glass_Tong_0.5um_4mday_50mM_unfav,BTEC,1.57229,PV,-0.4191,6110000.0,primary,Microspheres Glass Beads Tong,U
Tong,glass,0.5,4.0,50.0,unfavorable,glass_Tong_0.5um_4mday_50mM_unfav,BTEC,1.99157,PV,-0.4196,6110000.0,primary,Microspheres Glass Beads Tong,U
Tong,glass,0.5,4.0,50.0,unfavorable,glass_Tong_0.5um_4mday_50mM_unfav,BTEC,2.41084,PV,-0.3492,6110000.0,primary,Microspheres Glass Beads Tong,U
Tong,glass,0.5,4.0,50.0,unfavorable,glass_Tong_0.5um_4mday_50mM_unfav,BTEC,2.83012,PV,-0.4028,6110000.0,primary,Microspheres Glass Beads Tong,U
Tong,glass,0.5,4.0,50.0,unfavorable,glass_Tong_0.5um_4mday_50mM_unfav,BTEC,3.2494,PV,-0.3657,6110000.0,primary,Microspheres Glass Beads Tong,U
Tong,glass,0.5,4.0,50.0,unfavorable,glass_Tong_0.5um_4mday_50mM_unfav,BTEC,3.56386,PV,-0.3489,6110000.0,primary,Microspheres Glass Beads Tong,U
Tong,glass,0.5,4.0,50.0,unfavorable,glass_Tong_0.5um_4mday_50mM_unfav,BTEC,3.77349,PV,-0.3307,6110000.0,primary,Microspheres Glass Beads Tong,U
Tong,glass,0.5,4.0,50.0,unfavorable,glass_Tong_0.5um_4mday_50mM_unfav,BTEC,3.91325,PV,-0.3516,6110000.0,primary,Microspheres Glass Beads Tong,U
Tong,glass,0.5,4.0,50.0,unfavorable,glass_Tong_0.5um_4mday_50mM_unfav,BTEC,3.98313,PV,-0.4056,6110000.0,primary,Microspheres Glass Beads Tong,U
Tong,glass,0.5,4.0,50.0,unfavorable,glass_Tong_0.5um_4mday_50mM_unfav,BTEC,4.05301,PV,-0.4458,6110000.0,primary,Microspheres Glass Beads Tong,U
Tong,glass,0.5,4.0,50.0,unfavorable,glass_Tong_0.5um_4mday_50mM_unfav,BTEC,4.19277,PV,-1.0998,6110000.0,primary,Microspheres Glass Beads Tong,U
Tong,glass,0.5,4.0,50.0,unfavorable,glass_Tong_0.5um_4mday_50mM_unfav,BTEC,4.29759,PV,-1.5309,6110000.0,primary,Microspheres Glass Beads Tong,U
Tong,glass,0.5,4.0,50.0,unfavorable,glass_Tong_0.5um_4mday_50mM_unfav,BTEC,4.54217,PV,-1.7427,6110000.0,primary,Microspheres Glass Beads Tong,U
Tong,glass,0.5,4.0,50.0,unfavorable,glass_Tong_0.5um_4mday_50mM_unfav,BTEC,4.85663,PV,-1.7979,6110000.0,primary,Microspheres Glass Beads Tong,U
Tong,glass,0.5,4.0,50.0,unfavorable,glass_Tong_0.5um_4mday_50mM_unfav,BTEC,5.55542,PV,-1.9079,6110000.0,primary,Microspheres Glass Beads Tong,U
Tong,glass,0.5,4.0,50.0,unfavorable,glass_Tong_0.5um_4mday_50mM_unfav,BTEC,5.9747,PV,-1.9384,6110000.0,primary,Microspheres Glass Beads Tong,U
Tong,glass,0.5,4.0,50.0,unfavorable,glass_Tong_0.5um_4mday_50mM_unfav,BTEC,6.81325,PV,-1.9973,6110000.0,primary,Microspheres Glass Beads Tong,U
Tong,glass,0.5,4.0,50.0,unfavorable,glass_Tong_0.5um_4mday_50mM_unfav,BTEC,7.65181,PV,-2.1092,6110000.0,primary,Microspheres Glass Beads Tong,U
Tong,glass,0.5,4.0,50.0,unfavorable,glass_Tong_0.5um_4mday_50mM_unfav,BTEC,8.49036,PV,-2.0497,6110000.0,primary,Microspheres Glass Beads Tong,U
Tong,glass,0.5,4.0,50.0,unfavorable,glass_Tong_0.5um_4mday_50mM_unfav,BTEC,9.32892,PV,-2.1841,6110000.0,primary,Microspheres Glass Beads Tong,U
Tong,glass,0.5,4.0,50.0,unfavorable,glass_Tong_0.5um_4mday_50mM_unfav,BTEC,9.95783,PV,-2.1364,6110000.0,primary,Microspheres Glass Beads Tong,U
Tong,glass,0.5,4.0,50.0,unfavorable,glass_Tong_0.5um_4mday_50mM_unfav,RP,0.00932,distance_m,8.3055,6110000.0,primary,Microspheres Glass Beads Tong,U
Tong,glass,0.5,4.0,50.0,unfavorable,glass_Tong_0.5um_4mday_50mM_unfav,RP,0.02582,distance_m,8.1371,6110000.0,primary,Microspheres Glass Beads Tong,U
Tong,glass,0.5,4.0,50.0,unfavorable,glass_Tong_0.5um_4mday_50mM_unfav,RP,0.04478,distance_m,8.0247,6110000.0,primary,Microspheres Glass Beads Tong,U
Tong,glass,0.5,4.0,50.0,unfavorable,glass_Tong_0.5um_4mday_50mM_unfav,RP,0.06596,distance_m,7.9507,6110000.0,primary,Microspheres Glass Beads Tong,U
Tong,glass,0.5,4.0,50.0,unfavorable,glass_Tong_0.5um_4mday_50mM_unfav,RP,0.08624,distance_m,7.8391,6110000.0,primary,Microspheres Glass Beads Tong,U
Tong,glass,0.5,4.0,50.0,unfavorable,glass_Tong_0.5um_4mday_50mM_unfav,RP,0.10764,distance_m,7.7784,6110000.0,primary,Microspheres Glass Beads Tong,U
Tong,glass,0.5,4.0,50.0,unfavorable,glass_Tong_0.5um_4mday_50mM_unfav,RP,0.12814,distance_m,7.6951,6110000.0,primary,Microspheres Glass Beads Tong,U
Tong,glass,0.5,4.0,50.0,unfavorable,glass_Tong_0.5um_4mday_50mM_unfav,RP,0.14873,distance_m,7.5553,6110000.0,primary,Microspheres Glass Beads Tong,U
Tong,glass,0.5,4.0,50.0,unfavorable,glass_Tong_0.5um_4mday_50mM_unfav,RP,0.17014,distance_m,7.5485,6110000.0,primary,Microspheres Glass Beads Tong,U
Tong,glass,0.5,4.0,50.0,unfavorable,glass_Tong_0.5um_4mday_50mM_unfav,RP,0.19068,distance_m,7.431,6110000.0,primary,Microspheres Glass Beads Tong,U
Tong,glass,1.0,4.0,50.0,favorable,glass_Tong_1.0um_4mday_50mM_favor,BTEC,0.69832,PV,-4.9555,13100000.0,primary,Microspheres Glass Beads Tong,AB
Tong,glass,1.0,4.0,50.0,favorable,glass_Tong_1.0um_4mday_50mM_favor,BTEC,0.80307,PV,-3.7324,13100000.0,primary,Microspheres Glass Beads Tong,AB
Tong,glass,1.0,4.0,50.0,favorable,glass_Tong_1.0um_4mday_50mM_favor,BTEC,0.87291,PV,-2.7905,13100000.0,primary,Microspheres Glass Beads Tong,AB
Tong,glass,1.0,4.0,50.0,favorable,glass_Tong_1.0um_4mday_50mM_favor,BTEC,0.94274,PV,-2.4272,13100000.0,primary,Microspheres Glass Beads Tong,AB
Tong,glass,1.0,4.0,50.0,favorable,glass_Tong_1.0um_4mday_50mM_favor,BTEC,1.01257,PV,-2.257,13100000.0,primary,Microspheres Glass Beads Tong,AB
Tong,glass,1.0,4.0,50.0,favorable,glass_Tong_1.0um_4mday_50mM_favor,BTEC,1.0824,PV,-2.1345,13100000.0,primary,Microspheres Glass Beads Tong,AB
Tong,glass,1.0,4.0,50.0,favorable,glass_Tong_1.0um_4mday_50mM_favor,BTEC,1.15223,PV,-2.1101,13100000.0,primary,Microspheres Glass Beads Tong,AB
Tong,glass,1.0,4.0,50.0,favorable,glass_Tong_1.0um_4mday_50mM_favor,BTEC,1.36173,PV,-2.1389,13100000.0,primary,Microspheres Glass Beads Tong,AB
Tong,glass,1.0,4.0,50.0,favorable,glass_Tong_1.0um_4mday_50mM_favor,BTEC,1.57123,PV,-2.1143,13100000.0,primary,Microspheres Glass Beads Tong,AB
Tong,glass,1.0,4.0,50.0,favorable,glass_Tong_1.0um_4mday_50mM_favor,BTEC,1.99022,PV,-2.091,13100000.0,primary,Microspheres Glass Beads Tong,AB
Tong,glass,1.0,4.0,50.0,favorable,glass_Tong_1.0um_4mday_50mM_favor,BTEC,2.40922,PV,-1.9266,13100000.0,primary,Microspheres Glass Beads Tong,AB
Tong,glass,1.0,4.0,50.0,favorable,glass_Tong_1.0um_4mday_50mM_favor,BTEC,2.82821,PV,-1.8571,13100000.0,primary,Microspheres Glass Beads Tong,AB
Tong,glass,1.0,4.0,50.0,favorable,glass_Tong_1.0um_4mday_50mM_favor,BTEC,3.24721,PV,-1.8914,13100000.0,primary,Microspheres Glass Beads Tong,AB
Tong,glass,1.0,4.0,50.0,favorable,glass_Tong_1.0um_4mday_50mM_favor,BTEC,3.6662,PV,-1.8951,13100000.0,primary,Microspheres Glass Beads Tong,AB
Tong,glass,1.0,4.0,50.0,favorable,glass_Tong_1.0um_4mday_50mM_favor,BTEC,3.8757,PV,-1.8728,13100000.0,primary,Microspheres Glass Beads Tong,AB
Tong,glass,1.0,4.0,50.0,favorable,glass_Tong_1.0um_4mday_50mM_favor,BTEC,3.94553,PV,-2.0035,13100000.0,primary,Microspheres Glass Beads Tong,AB
Tong,glass,1.0,4.0,50.0,favorable,glass_Tong_1.0um_4mday_50mM_favor,BTEC,4.01536,PV,-2.3069,13100000.0,primary,Microspheres Glass Beads Tong,AB
Tong,glass,1.0,4.0,50.0,favorable,glass_Tong_1.0um_4mday_50mM_favor,BTEC,4.18994,PV,-3.5355,13100000.0,primary,Microspheres Glass Beads Tong,AB
Tong,glass,1.0,4.0,50.0,favorable,glass_Tong_1.0um_4mday_50mM_favor,BTEC,4.29469,PV,-3.7708,13100000.0,primary,Microspheres Glass Beads Tong,AB
Tong,glass,1.0,4.0,50.0,favorable,glass_Tong_1.0um_4mday_50mM_favor,BTEC,4.71369,PV,-3.9702,13100000.0,primary,Microspheres Glass Beads Tong,AB
Tong,glass,1.0,4.0,50.0,favorable,glass_Tong_1.0um_4mday_50mM_favor,BTEC,5.55168,PV,-4.0971,13100000.0,primary,Microspheres Glass Beads Tong,AB
Tong,glass,1.0,4.0,50.0,favorable,glass_Tong_1.0um_4mday_50mM_favor,BTEC,6.38966,PV,-4.4244,13100000.0,primary,Microspheres Glass Beads Tong,AB
Tong,glass,1.0,4.0,50.0,favorable,glass_Tong_1.0um_4mday_50mM_favor,BTEC,7.22765,PV,-4.3823,13100000.0,primary,Microspheres Glass Beads Tong,AB
Tong,glass,1.0,4.0,50.0,favorable,glass_Tong_1.0um_4mday_50mM_favor,BTEC,8.06564,PV,-4.276,13100000.0,primary,Microspheres Glass Beads Tong,AB
Tong,glass,1.0,4.0,50.0,favorable,glass_Tong_1.0um_4mday_50mM_favor,BTEC,9.11313,PV,-4.344,13100000.0,primary,Microspheres Glass Beads Tong,AB
Tong,glass,1.0,4.0,50.0,favorable,glass_Tong_1.0um_4mday_50mM_favor,BTEC,9.95112,PV,-4.4244,13100000.0,primary,Microspheres Glass Beads Tong,AB
Tong,glass,1.0,4.0,50.0,favorable,glass_Tong_1.0um_4mday_50mM_favor,RP,0.01,distance_m,9.1401,13100000.0,primary,Microspheres Glass Beads Tong,AB
Tong,glass,1.0,4.0,50.0,favorable,glass_Tong_1.0um_4mday_50mM_favor,RP,0.03,distance_m,8.9035,13100000.0,primary,Microspheres Glass Beads Tong,AB
Tong,glass,1.0,4.0,50.0,favorable,glass_Tong_1.0um_4mday_50mM_favor,RP,0.05,distance_m,8.6699,13100000.0,primary,Microspheres Glass Beads Tong,AB
Tong,glass,1.0,4.0,50.0,favorable,glass_Tong_1.0um_4mday_50mM_favor,RP,0.07,distance_m,8.4254,13100000.0,primary,Microspheres Glass Beads Tong,AB
Tong,glass,1.0,4.0,50.0,favorable,glass_Tong_1.0um_4mday_50mM_favor,RP,0.09,distance_m,8.1201,13100000.0,primary,Microspheres Glass Beads Tong,AB
Tong,glass,1.0,4.0,50.0,favorable,glass_Tong_1.0um_4mday_50mM_favor,RP,0.11,distance_m,7.941,13100000.0,primary,Microspheres Glass Beads Tong,AB
Tong,glass,1.0,4.0,50.0,favorable,glass_Tong_1.0um_4mday_50mM_favor,RP,0.13,distance_m,7.7866,13100000.0,primary,Microspheres Glass Beads Tong,AB
Tong,glass,1.0,4.0,50.0,favorable,glass_Tong_1.0um_4mday_50mM_favor,RP,0.15,distance_m,7.5039,13100000.0,primary,Microspheres Glass Beads Tong,AB
Tong,glass,1.0,4.0,50.0,favorable,glass_Tong_1.0um_4mday_50mM_favor,RP,0.17,distance_m,7.2617,13100000.0,primary,Microspheres Glass Beads Tong,AB
Tong,glass,1.0,4.0,50.0,favorable,glass_Tong_1.0um_4mday_50mM_favor,RP,0.19,distance_m,7.1244,13100000.0,primary,Microspheres Glass Beads Tong,AB
Tong,glass,1.1,4.0,20.0,unfavorable,glass_Tong_1.1um_4mday_20mM_unfav,BTEC,0.69461,PV,-4.7479,11500000.0,primary,Microspheres Glass Beads Tong,AE
Tong,glass,1.1,4.0,20.0,unfavorable,glass_Tong_1.1um_4mday_20mM_unfav,BTEC,0.83353,PV,-3.3561,11500000.0,primary,Microspheres Glass Beads Tong,AE
Tong,glass,1.1,4.0,20.0,unfavorable,glass_Tong_1.1um_4mday_20mM_unfav,BTEC,0.97246,PV,-1.1313,11500000.0,primary,Microspheres Glass Beads Tong,AE
Tong,glass,1.1,4.0,20.0,unfavorable,glass_Tong_1.1um_4mday_20mM_unfav,BTEC,1.04192,PV,-0.6856,11500000.0,primary,Microspheres Glass Beads Tong,AE
Tong,glass,1.1,4.0,20.0,unfavorable,glass_Tong_1.1um_4mday_20mM_unfav,BTEC,1.14611,PV,-0.41,11500000.0,primary,Microspheres Glass Beads Tong,AE
Tong,glass,1.1,4.0,20.0,unfavorable,glass_Tong_1.1um_4mday_20mM_unfav,BTEC,1.35449,PV,-0.1973,11500000.0,primary,Microspheres Glass Beads Tong,AE
Tong,glass,1.1,4.0,20.0,unfavorable,glass_Tong_1.1um_4mday_20mM_unfav,BTEC,1.56287,PV,-0.1995,11500000.0,primary,Microspheres Glass Beads Tong,AE
Tong,glass,1.1,4.0,20.0,unfavorable,glass_Tong_1.1um_4mday_20mM_unfav,BTEC,1.97964,PV,-0.2098,11500000.0,primary,Microspheres Glass Beads Tong,AE
Tong,glass,1.1,4.0,20.0,unfavorable,glass_Tong_1.1um_4mday_20mM_unfav,BTEC,2.39641,PV,-0.1769,11500000.0,primary,Microspheres Glass Beads Tong,AE
Tong,glass,1.1,4.0,20.0,unfavorable,glass_Tong_1.1um_4mday_20mM_unfav,BTEC,2.81317,PV,-0.2061,11500000.0,primary,Microspheres Glass Beads Tong,AE
Tong,glass,1.1,4.0,20.0,unfavorable,glass_Tong_1.1um_4mday_20mM_unfav,BTEC,3.02156,PV,-0.2026,11500000.0,primary,Microspheres Glass Beads Tong,AE
Tong,glass,1.1,4.0,20.0,unfavorable,glass_Tong_1.1um_4mday_20mM_unfav,BTEC,3.22994,PV,-0.2078,11500000.0,primary,Microspheres Glass Beads Tong,AE
Tong,glass,1.1,4.0,20.0,unfavorable,glass_Tong_1.1um_4mday_20mM_unfav,BTEC,3.54251,PV,-0.21,11500000.0,primary,Microspheres Glass Beads Tong,AE
Tong,glass,1.1,4.0,20.0,unfavorable,glass_Tong_1.1um_4mday_20mM_unfav,BTEC,3.7509,PV,-0.1799,11500000.0,primary,Microspheres Glass Beads Tong,AE
Tong,glass,1.1,4.0,20.0,unfavorable,glass_Tong_1.1um_4mday_20mM_unfav,BTEC,3.82036,PV,-0.1801,11500000.0,primary,Microspheres Glass Beads Tong,AE
Tong,glass,1.1,4.0,20.0,unfavorable,glass_Tong_1.1um_4mday_20mM_unfav,BTEC,3.88982,PV,-0.2252,11500000.0,primary,Microspheres Glass Beads Tong,AE
Tong,glass,1.1,4.0,20.0,unfavorable,glass_Tong_1.1um_4mday_20mM_unfav,BTEC,3.95928,PV,-0.1883,11500000.0,primary,Microspheres Glass Beads Tong,AE
Tong,glass,1.1,4.0,20.0,unfavorable,glass_Tong_1.1um_4mday_20mM_unfav,BTEC,4.02874,PV,-0.3223,11500000.0,primary,Microspheres Glass Beads Tong,AE
Tong,glass,1.1,4.0,20.0,unfavorable,glass_Tong_1.1um_4mday_20mM_unfav,BTEC,4.0982,PV,-0.406,11500000.0,primary,Microspheres Glass Beads Tong,AE
Tong,glass,1.1,4.0,20.0,unfavorable,glass_Tong_1.1um_4mday_20mM_unfav,BTEC,4.16766,PV,-0.6106,11500000.0,primary,Microspheres Glass Beads Tong,AE
Tong,glass,1.1,4.0,20.0,unfavorable,glass_Tong_1.1um_4mday_20mM_unfav,BTEC,4.27186,PV,-1.0772,11500000.0,primary,Microspheres Glass Beads Tong,AE
Tong,glass,1.1,4.0,20.0,unfavorable,glass_Tong_1.1um_4mday_20mM_unfav,BTEC,4.68862,PV,-1.5847,11500000.0,primary,Microspheres Glass Beads Tong,AE
Tong,glass,1.1,4.0,20.0,unfavorable,glass_Tong_1.1um_4mday_20mM_unfav,BTEC,5.52216,PV,-1.4816,11500000.0,primary,Microspheres Glass Beads Tong,AE
Tong,glass,1.1,4.0,20.0,unfavorable,glass_Tong_1.1um_4mday_20mM_unfav,BTEC,6.35569,PV,-1.2677,11500000.0,primary,Microspheres Glass Beads Tong,AE
Tong,glass,1.1,4.0,20.0,unfavorable,glass_Tong_1.1um_4mday_20mM_unfav,BTEC,7.18922,PV,-1.796,11500000.0,primary,Microspheres Glass Beads Tong,AE
Tong,glass,1.1,4.0,20.0,unfavorable,glass_Tong_1.1um_4mday_20mM_unfav,BTEC,8.02275,PV,-1.744,11500000.0,primary,Microspheres Glass Beads Tong,AE
Tong,glass,1.1,4.0,20.0,unfavorable,glass_Tong_1.1um_4mday_20mM_unfav,BTEC,9.06467,PV,-1.8706,11500000.0,primary,Microspheres Glass Beads Tong,AE
Tong,glass,1.1,4.0,20.0,unfavorable,glass_Tong_1.1um_4mday_20mM_unfav,BTEC,9.8982,PV,-1.9063,11500000.0,primary,Microspheres Glass Beads Tong,AE
Tong,glass,1.1,4.0,20.0,unfavorable,glass_Tong_1.1um_4mday_20mM_unfav,RP,0.01048,distance_m,8.3393,11500000.0,primary,Microspheres Glass Beads Tong,AE
Tong,glass,1.1,4.0,20.0,unfavorable,glass_Tong_1.1um_4mday_20mM_unfav,RP,0.03048,distance_m,7.8448,11500000.0,primary,Microspheres Glass Beads Tong,AE
Tong,glass,1.1,4.0,20.0,unfavorable,glass_Tong_1.1um_4mday_20mM_unfav,RP,0.05105,distance_m,7.4915,11500000.0,primary,Microspheres Glass Beads Tong,AE
Tong,glass,1.1,4.0,20.0,unfavorable,glass_Tong_1.1um_4mday_20mM_unfav,RP,0.0702,distance_m,7.262,11500000.0,primary,Microspheres Glass Beads Tong,AE
Tong,glass,1.1,4.0,20.0,unfavorable,glass_Tong_1.1um_4mday_20mM_unfav,RP,0.08852,distance_m,7.1002,11500000.0,primary,Microspheres Glass Beads Tong,AE
Tong,glass,1.1,4.0,20.0,unfavorable,glass_Tong_1.1um_4mday_20mM_unfav,RP,0.11055,distance_m,7.0813,11500000.0,primary,Microspheres Glass Beads Tong,AE
Tong,glass,1.1,4.0,20.0,unfavorable,glass_Tong_1.1um_4mday_20mM_unfav,RP,0.12926,distance_m,7.0449,11500000.0,primary,Microspheres Glass Beads Tong,AE
Tong,glass,1.1,4.0,20.0,unfavorable,glass_Tong_1.1um_4mday_20mM_unfav,RP,0.14982,distance_m,7.0146,11500000.0,primary,Microspheres Glass Beads Tong,AE
Tong,glass,1.1,4.0,20.0,unfavorable,glass_Tong_1.1um_4mday_20mM_unfav,RP,0.16924,distance_m,7.0977,11500000.0,primary,Microspheres Glass Beads Tong,AE
Tong,glass,1.1,4.0,20.0,unfavorable,glass_Tong_1.1um_4mday_20mM_unfav,RP,0.18952,distance_m,7.095,11500000.0,primary,Microspheres Glass Beads Tong,AE
Tong,glass,1.1,4.0,20.0,unfavorable,glass_Tong_1.1um_4mday_20mM_unfav,BTEC,0.21955,PV,-2.8135,13500000.0,primary,Microspheres Glass Beads Tong,AK
Tong,glass,1.1,4.0,20.0,unfavorable,glass_Tong_1.1um_4mday_20mM_unfav,BTEC,0.54888,PV,-2.7002,13500000.0,primary,Microspheres Glass Beads Tong,AK
Tong,glass,1.1,4.0,20.0,unfavorable,glass_Tong_1.1um_4mday_20mM_unfav,BTEC,0.8782,PV,-1.1856,13500000.0,primary,Microspheres Glass Beads Tong,AK
Tong,glass,1.1,4.0,20.0,unfavorable,glass_Tong_1.1um_4mday_20mM_unfav,BTEC,1.20753,PV,-0.1323,13500000.0,primary,Microspheres Glass Beads Tong,AK
Tong,glass,1.1,4.0,20.0,unfavorable,glass_Tong_1.1um_4mday_20mM_unfav,BTEC,1.53686,PV,-0.0252,13500000.0,primary,Microspheres Glass Beads Tong,AK
Tong,glass,1.1,4.0,20.0,unfavorable,glass_Tong_1.1um_4mday_20mM_unfav,BTEC,1.93937,PV,0.0192,13500000.0,primary,Microspheres Glass Beads Tong,AK
Tong,glass,1.1,4.0,20.0,unfavorable,glass_Tong_1.1um_4mday_20mM_unfav,BTEC,2.26869,PV,-0.0073,13500000.0,primary,Microspheres Glass Beads Tong,AK
Tong,glass,1.1,4.0,20.0,unfavorable,glass_Tong_1.1um_4mday_20mM_unfav,BTEC,2.70779,PV,-0.0139,13500000.0,primary,Microspheres Glass Beads Tong,AK
Tong,glass,1.1,4.0,20.0,unfavorable,glass_Tong_1.1um_4mday_20mM_unfav,BTEC,3.03712,PV,-0.0278,13500000.0,primary,Microspheres Glass Beads Tong,AK
Tong,glass,1.1,4.0,20.0,unfavorable,glass_Tong_1.1um_4mday_20mM_unfav,BTEC,3.43963,PV,-0.0721,13500000.0,primary,Microspheres Glass Beads Tong,AK
Tong,glass,1.1,4.0,20.0,unfavorable,glass_Tong_1.1um_4mday_20mM_unfav,BTEC,3.73237,PV,-0.0328,13500000.0,primary,Microspheres Glass Beads Tong,AK
Tong,glass,1.1,4.0,20.0,unfavorable,glass_Tong_1.1um_4mday_20mM_unfav,BTEC,4.06169,PV,-0.0577,13500000.0,primary,Microspheres Glass Beads Tong,AK
Tong,glass,1.1,4.0,20.0,unfavorable,glass_Tong_1.1um_4mday_20mM_unfav,BTEC,4.42761,PV,-0.597,13500000.0,primary,Microspheres Glass Beads Tong,AK
Tong,glass,1.1,4.0,20.0,unfavorable,glass_Tong_1.1um_4mday_20mM_unfav,BTEC,4.75694,PV,-1.5457,13500000.0,primary,Microspheres Glass Beads Tong,AK
Tong,glass,1.1,4.0,20.0,unfavorable,glass_Tong_1.1um_4mday_20mM_unfav,BTEC,5.12285,PV,-1.8338,13500000.0,primary,Microspheres Glass Beads Tong,AK
Tong,glass,1.1,4.0,20.0,unfavorable,glass_Tong_1.1um_4mday_20mM_unfav,BTEC,5.45218,PV,-2.0143,13500000.0,primary,Microspheres Glass Beads Tong,AK
Tong,glass,1.1,4.0,20.0,unfavorable,glass_Tong_1.1um_4mday_20mM_unfav,BTEC,5.8181,PV,-2.1565,13500000.0,primary,Microspheres Glass Beads Tong,AK
Tong,glass,1.1,4.0,20.0,unfavorable,glass_Tong_1.1um_4mday_20mM_unfav,BTEC,6.14743,PV,-2.2152,13500000.0,primary,Microspheres Glass Beads Tong,AK
Tong,glass,1.1,4.0,20.0,unfavorable,glass_Tong_1.1um_4mday_20mM_unfav,BTEC,6.51334,PV,-2.3402,13500000.0,primary,Microspheres Glass Beads Tong,AK
Tong,glass,1.1,4.0,20.0,unfavorable,glass_Tong_1.1um_4mday_20mM_unfav,BTEC,6.84267,PV,-2.7291,13500000.0,primary,Microspheres Glass Beads Tong,AK
Tong,glass,1.1,4.0,20.0,unfavorable,glass_Tong_1.1um_4mday_20mM_unfav,BTEC,7.20859,PV,-2.767,13500000.0,primary,Microspheres Glass Beads Tong,AK
Tong,glass,1.1,4.0,20.0,unfavorable,glass_Tong_1.1um_4mday_20mM_unfav,BTEC,7.53791,PV,-2.7958,13500000.0,primary,Microspheres Glass Beads Tong,AK
Tong,glass,1.1,4.0,20.0,unfavorable,glass_Tong_1.1um_4mday_20mM_unfav,BTEC,7.90383,PV,-2.751,13500000.0,primary,Microspheres Glass Beads Tong,AK
Tong,glass,1.1,4.0,20.0,unfavorable,glass_Tong_1.1um_4mday_20mM_unfav,BTEC,8.23316,PV,-2.9115,13500000.0,primary,Microspheres Glass Beads Tong,AK
Tong,glass,1.1,4.0,20.0,unfavorable,glass_Tong_1.1um_4mday_20mM_unfav,BTEC,8.56249,PV,-2.8744,13500000.0,primary,Microspheres Glass Beads Tong,AK
Tong,glass,1.1,4.0,20.0,unfavorable,glass_Tong_1.1um_4mday_20mM_unfav,BTEC,8.9284,PV,-2.4748,13500000.0,primary,Microspheres Glass Beads Tong,AK
Tong,glass,1.1,4.0,20.0,unfavorable,glass_Tong_1.1um_4mday_20mM_unfav,BTEC,9.25773,PV,-2.8429,13500000.0,primary,Microspheres Glass Beads Tong,AK
Tong,glass,1.1,4.0,20.0,unfavorable,glass_Tong_1.1um_4mday_20mM_unfav,BTEC,9.47728,PV,-2.9701,13500000.0,primary,Microspheres Glass Beads Tong,AK
Tong,glass,1.1,4.0,20.0,unfavorable,glass_Tong_1.1um_4mday_20mM_unfav,BTEC,9.80661,PV,-2.8685,13500000.0,primary,Microspheres Glass Beads Tong,AK
Tong,glass,1.1,4.0,20.0,unfavorable,glass_Tong_1.1um_4mday_20mM_unfav,BTEC,10.13593,PV,-2.7165,13500000.0,primary,Microspheres Glass Beads Tong,AK
Tong,glass,1.1,4.0,20.0,unfavorable,glass_Tong_1.1um_4mday_20mM_unfav,RP,0.0086,distance_m,7.5876,13500000.0,primary,Microspheres Glass Beads Tong,AK
Tong,glass,1.1,4.0,20.0,unfavorable,glass_Tong_1.1um_4mday_20mM_unfav,RP,0.02968,distance_m,7.3457,13500000.0,primary,Microspheres Glass Beads Tong,AK
Tong,glass,1.1,4.0,20.0,unfavorable,glass_Tong_1.1um_4mday_20mM_unfav,RP,0.04991,distance_m,7.0301,13500000.0,primary,Microspheres Glass Beads Tong,AK
Tong,glass,1.1,4.0,20.0,unfavorable,glass_Tong_1.1um_4mday_20mM_unfav,RP,0.06988,distance_m,6.8102,13500000.0,primary,Microspheres Glass Beads Tong,AK
Tong,glass,1.1,4.0,20.0,unfavorable,glass_Tong_1.1um_4mday_20mM_unfav,RP,0.09091,distance_m,6.5774,13500000.0,primary,Microspheres Glass Beads Tong,AK
Tong,glass,1.1,4.0,20.0,unfavorable,glass_Tong_1.1um_4mday_20mM_unfav,RP,0.11172,distance_m,6.5042,13500000.0,primary,Microspheres Glass Beads Tong,AK
Tong,glass,1.1,4.0,20.0,unfavorable,glass_Tong_1.1um_4mday_20mM_unfav,RP,0.13245,distance_m,6.5297,13500000.0,primary,Microspheres Glass Beads Tong,AK
Tong,glass,1.1,4.0,20.0,unfavorable,glass_Tong_1.1um_4mday_20mM_unfav,RP,0.15234,distance_m,6.5191,13500000.0,primary,Microspheres Glass Beads Tong,AK
Tong,glass,1.1,4.0,20.0,unfavorable,glass_Tong_1.1um_4mday_20mM_unfav,RP,0.17194,distance_m,6.3971,13500000.0,primary,Microspheres Glass Beads Tong,AK
Tong,glass,1.1,4.0,20.0,unfavorable,glass_Tong_1.1um_4mday_20mM_unfav,RP,0.1914,distance_m,6.4846,13500000.0,primary,Microspheres Glass Beads Tong,AK
Tong,glass,1.1,4.0,20.0,unfavorable,glass_Tong_1.1um_4mday_20mM_unfav,BTEC,0.65865,PV,-3.0208,4280000.0,primary,Microspheres Glass Beads Tong,AQ
Tong,glass,1.1,4.0,20.0,unfavorable,glass_Tong_1.1um_4mday_20mM_unfav,BTEC,0.73184,PV,-3.1343,4280000.0,primary,Microspheres Glass Beads Tong,AQ
Tong,glass,1.1,4.0,20.0,unfavorable,glass_Tong_1.1um_4mday_20mM_unfav,BTEC,0.80502,PV,-2.6174,4280000.0,primary,Microspheres Glass Beads Tong,AQ
Tong,glass,1.1,4.0,20.0,unfavorable,glass_Tong_1.1um_4mday_20mM_unfav,BTEC,0.8782,PV,-1.6008,4280000.0,primary,Microspheres Glass Beads Tong,AQ
Tong,glass,1.1,4.0,20.0,unfavorable,glass_Tong_1.1um_4mday_20mM_unfav,BTEC,0.9148,PV,-1.2637,4280000.0,primary,Microspheres Glass Beads Tong,AQ
Tong,glass,1.1,4.0,20.0,unfavorable,glass_Tong_1.1um_4mday_20mM_unfav,BTEC,0.95139,PV,-0.9453,4280000.0,primary,Microspheres Glass Beads Tong,AQ
Tong,glass,1.1,4.0,20.0,unfavorable,glass_Tong_1.1um_4mday_20mM_unfav,BTEC,0.98798,PV,-0.6085,4280000.0,primary,Microspheres Glass Beads Tong,AQ
Tong,glass,1.1,4.0,20.0,unfavorable,glass_Tong_1.1um_4mday_20mM_unfav,BTEC,1.02457,PV,-0.3624,4280000.0,primary,Microspheres Glass Beads Tong,AQ
Tong,glass,1.1,4.0,20.0,unfavorable,glass_Tong_1.1um_4mday_20mM_unfav,BTEC,1.06116,PV,-0.2104,4280000.0,primary,Microspheres Glass Beads Tong,AQ
Tong,glass,1.1,4.0,20.0,unfavorable,glass_Tong_1.1um_4mday_20mM_unfav,BTEC,1.09775,PV,-0.0514,4280000.0,primary,Microspheres Glass Beads Tong,AQ
Tong,glass,1.1,4.0,20.0,unfavorable,glass_Tong_1.1um_4mday_20mM_unfav,BTEC,1.13435,PV,-0.0536,4280000.0,primary,Microspheres Glass Beads Tong,AQ
Tong,glass,1.1,4.0,20.0,unfavorable,glass_Tong_1.1um_4mday_20mM_unfav,BTEC,1.17094,PV,-0.0097,4280000.0,primary,Microspheres Glass Beads Tong,AQ
Tong,glass,1.1,4.0,20.0,unfavorable,glass_Tong_1.1um_4mday_20mM_unfav,BTEC,1.20753,PV,-0.0318,4280000.0,primary,Microspheres Glass Beads Tong,AQ
Tong,glass,1.1,4.0,20.0,unfavorable,glass_Tong_1.1um_4mday_20mM_unfav,BTEC,1.42708,PV,-0.1038,4280000.0,primary,Microspheres Glass Beads Tong,AQ
Tong,glass,1.1,4.0,20.0,unfavorable,glass_Tong_1.1um_4mday_20mM_unfav,BTEC,1.64663,PV,-0.114,4280000.0,primary,Microspheres Glass Beads Tong,AQ
Tong,glass,1.1,4.0,20.0,unfavorable,glass_Tong_1.1um_4mday_20mM_unfav,BTEC,1.86618,PV,-0.045,4280000.0,primary,Microspheres Glass Beads Tong,AQ
Tong,glass,1.1,4.0,20.0,unfavorable,glass_Tong_1.1um_4mday_20mM_unfav,BTEC,2.08573,PV,-0.043,4280000.0,primary,Microspheres Glass Beads Tong,AQ
Tong,glass,1.1,4.0,20.0,unfavorable,glass_Tong_1.1um_4mday_20mM_unfav,BTEC,2.30528,PV,-0.0138,4280000.0,primary,Microspheres Glass Beads Tong,AQ
Tong,glass,1.1,4.0,20.0,unfavorable,glass_Tong_1.1um_4mday_20mM_unfav,BTEC,2.52484,PV,-0.0059,4280000.0,primary,Microspheres Glass Beads Tong,AQ
Tong,glass,1.1,4.0,20.0,unfavorable,glass_Tong_1.1um_4mday_20mM_unfav,BTEC,2.74439,PV,-0.0183,4280000.0,primary,Microspheres Glass Beads Tong,AQ
Tong,glass,1.1,4.0,20.0,unfavorable,glass_Tong_1.1um_4mday_20mM_unfav,BTEC,2.96394,PV,-0.0224,4280000.0,primary,Microspheres Glass Beads Tong,AQ
Tong,glass,1.1,4.0,20.0,unfavorable,glass_Tong_1.1um_4mday_20mM_unfav,BTEC,3.18349,PV,-0.0065,4280000.0,primary,Microspheres Glass Beads Tong,AQ
Tong,glass,1.1,4.0,20.0,unfavorable,glass_Tong_1.1um_4mday_20mM_unfav,BTEC,3.40304,PV,-0.0181,4280000.0,primary,Microspheres Glass Beads Tong,AQ
Tong,glass,1.1,4.0,20.0,unfavorable,glass_Tong_1.1um_4mday_20mM_unfav,BTEC,3.62259,PV,-0.012,4280000.0,primary,Microspheres Glass Beads Tong,AQ
Tong,glass,1.1,4.0,20.0,unfavorable,glass_Tong_1.1um_4mday_20mM_unfav,BTEC,3.84214,PV,-0.0164,4280000.0,primary,Microspheres Glass Beads Tong,AQ
Tong,glass,1.1,4.0,20.0,unfavorable,glass_Tong_1.1um_4mday_20mM_unfav,BTEC,4.06169,PV,-0.0466,4280000.0,primary,Microspheres Glass Beads Tong,AQ
Tong,glass,1.1,4.0,20.0,unfavorable,glass_Tong_1.1um_4mday_20mM_unfav,BTEC,4.09828,PV,-0.0698,4280000.0,primary,Microspheres Glass Beads Tong,AQ
Tong,glass,1.1,4.0,20.0,unfavorable,glass_Tong_1.1um_4mday_20mM_unfav,BTEC,4.17147,PV,-0.1569,4280000.0,primary,Microspheres Glass Beads Tong,AQ
Tong,glass,1.1,4.0,20.0,unfavorable,glass_Tong_1.1um_4mday_20mM_unfav,BTEC,4.24465,PV,-0.574,4280000.0,primary,Microspheres Glass Beads Tong,AQ
Tong,glass,1.1,4.0,20.0,unfavorable,glass_Tong_1.1um_4mday_20mM_unfav,BTEC,4.28124,PV,-0.8265,4280000.0,primary,Microspheres Glass Beads Tong,AQ
Tong,glass,1.1,4.0,20.0,unfavorable,glass_Tong_1.1um_4mday_20mM_unfav,BTEC,4.31783,PV,-1.1605,4280000.0,primary,Microspheres Glass Beads Tong,AQ
Tong,glass,1.1,4.0,20.0,unfavorable,glass_Tong_1.1um_4mday_20mM_unfav,BTEC,4.50079,PV,-1.6522,4280000.0,primary,Microspheres Glass Beads Tong,AQ
Tong,glass,1.1,4.0,20.0,unfavorable,glass_Tong_1.1um_4mday_20mM_unfav,BTEC,4.72034,PV,-1.7307,4280000.0,primary,Microspheres Glass Beads Tong,AQ
Tong,glass,1.1,4.0,20.0,unfavorable,glass_Tong_1.1um_4mday_20mM_unfav,BTEC,5.15945,PV,-1.9353,4280000.0,primary,Microspheres Glass Beads Tong,AQ
Tong,glass,1.1,4.0,20.0,unfavorable,glass_Tong_1.1um_4mday_20mM_unfav,BTEC,5.379,PV,-1.9173,4280000.0,primary,Microspheres Glass Beads Tong,AQ
Tong,glass,1.1,4.0,20.0,unfavorable,glass_Tong_1.1um_4mday_20mM_unfav,BTEC,5.59855,PV,-1.9851,4280000.0,primary,Microspheres Glass Beads Tong,AQ
Tong,glass,1.1,4.0,20.0,unfavorable,glass_Tong_1.1um_4mday_20mM_unfav,BTEC,6.03765,PV,-2.0997,4280000.0,primary,Microspheres Glass Beads Tong,AQ
Tong,glass,1.1,4.0,20.0,unfavorable,glass_Tong_1.1um_4mday_20mM_unfav,BTEC,6.6963,PV,-2.1453,4280000.0,primary,Microspheres Glass Beads Tong,AQ
Tong,glass,1.1,4.0,20.0,unfavorable,glass_Tong_1.1um_4mday_20mM_unfav,BTEC,7.35496,PV,-2.1779,4280000.0,primary,Microspheres Glass Beads Tong,AQ
Tong,glass,1.1,4.0,20.0,unfavorable,glass_Tong_1.1um_4mday_20mM_unfav,BTEC,7.79406,PV,-2.2083,4280000.0,primary,Microspheres Glass Beads Tong,AQ
Tong,glass,1.1,4.0,20.0,unfavorable,glass_Tong_1.1um_4mday_20mM_unfav,BTEC,8.45271,PV,-2.277,4280000.0,primary,Microspheres Glass Beads Tong,AQ
Tong,glass,1.1,4.0,20.0,unfavorable,glass_Tong_1.1um_4mday_20mM_unfav,BTEC,9.11136,PV,-2.476,4280000.0,primary,Microspheres Glass Beads Tong,AQ
Tong,glass,1.1,4.0,20.0,unfavorable,glass_Tong_1.1um_4mday_20mM_unfav,BTEC,9.77001,PV,-2.3225,4280000.0,primary,Microspheres Glass Beads Tong,AQ
Tong,glass,1.1,4.0,20.0,unfavorable,glass_Tong_1.1um_4mday_20mM_unfav,BTEC,10.42867,PV,-2.2967,4280000.0,primary,Microspheres Glass Beads Tong,AQ
Tong,glass,1.1,4.0,20.0,unfavorable,glass_Tong_1.1um_4mday_20mM_unfav,RP,0.01084,distance_m,7.7103,4280000.0,primary,Microspheres Glass Beads Tong,AQ
Tong,glass,1.1,4.0,20.0,unfavorable,glass_Tong_1.1um_4mday_20mM_unfav,RP,0.03358,distance_m,7.2385,4280000.0,primary,Microspheres Glass Beads Tong,AQ
Tong,glass,1.1,4.0,20.0,unfavorable,glass_Tong_1.1um_4mday_20mM_unfav,RP,0.05538,distance_m,6.9427,4280000.0,primary,Microspheres Glass Beads Tong,AQ
Tong,glass,1.1,4.0,20.0,unfavorable,glass_Tong_1.1um_4mday_20mM_unfav,RP,0.07462,distance_m,6.6457,4280000.0,primary,Microspheres Glass Beads Tong,AQ
Tong,glass,1.1,4.0,20.0,unfavorable,glass_Tong_1.1um_4mday_20mM_unfav,RP,0.09351,distance_m,6.5415,4280000.0,primary,Microspheres Glass Beads Tong,AQ
Tong,glass,1.1,4.0,20.0,unfavorable,glass_Tong_1.1um_4mday_20mM_unfav,RP,0.11232,distance_m,6.4543,4280000.0,primary,Microspheres Glass Beads Tong,AQ
Tong,glass,1.1,4.0,20.0,unfavorable,glass_Tong_1.1um_4mday_20mM_unfav,RP,0.13093,distance_m,6.4771,4280000.0,primary,Microspheres Glass Beads Tong,AQ
Tong,glass,1.1,4.0,20.0,unfavorable,glass_Tong_1.1um_4mday_20mM_unfav,RP,0.15096,distance_m,6.4249,4280000.0,primary,Microspheres Glass Beads Tong,AQ
Tong,glass,1.1,4.0,20.0,unfavorable,glass_Tong_1.1um_4mday_20mM_unfav,RP,0.17032,distance_m,6.3957,4280000.0,primary,Microspheres Glass Beads Tong,AQ
Tong,glass,1.1,4.0,20.0,unfavorable,glass_Tong_1.1um_4mday_20mM_unfav,RP,0.18916,distance_m,6.4343,4280000.0,primary,Microspheres Glass Beads Tong,AQ
Tong,glass,0.1,8.0,50.0,favorable,glass_Tong_0.1um_8mday_50mM_favor,RP,0.01194,distance_m,8.7665,3020000.0,primary,Microspheres Glass Beads Tong,AU
Tong,glass,0.1,8.0,50.0,favorable,glass_Tong_0.1um_8mday_50mM_favor,RP,0.03566,distance_m,7.9008,3020000.0,primary,Microspheres Glass Beads Tong,AU
Tong,glass,0.1,8.0,50.0,favorable,glass_Tong_0.1um_8mday_50mM_favor,RP,0.05593,distance_m,7.1447,3020000.0,primary,Microspheres Glass Beads Tong,AU
Tong,glass,0.1,8.0,50.0,favorable,glass_Tong_0.1um_8mday_50mM_favor,RP,0.07318,distance_m,6.6142,3020000.0,primary,Microspheres Glass Beads Tong,AU
Tong,glass,0.1,8.0,50.0,favorable,glass_Tong_0.1um_8mday_50mM_favor,RP,0.09435,distance_m,6.2412,3020000.0,primary,Microspheres Glass Beads Tong,AU
Tong,glass,0.1,8.0,50.0,favorable,glass_Tong_0.1um_8mday_50mM_favor,RP,0.11276,distance_m,5.7015,3020000.0,primary,Microspheres Glass Beads Tong,AU
Tong,glass,0.1,8.0,50.0,favorable,glass_Tong_0.1um_8mday_50mM_favor,RP,0.13122,distance_m,5.2016,3020000.0,primary,Microspheres Glass Beads Tong,AU
Tong,glass,0.1,8.0,50.0,favorable,glass_Tong_0.1um_8mday_50mM_favor,RP,0.15024,distance_m,4.7591,3020000.0,primary,Microspheres Glass Beads Tong,AU
Tong,glass,0.1,8.0,50.0,favorable,glass_Tong_0.1um_8mday_50mM_favor,RP,0.16834,distance_m,4.3301,3020000.0,primary,Microspheres Glass Beads Tong,AU
Tong,glass,0.1,8.0,50.0,favorable,glass_Tong_0.1um_8mday_50mM_favor,RP,0.18806,distance_m,3.8496,3020000.0,primary,Microspheres Glass Beads Tong,AU
Tong,glass,0.1,8.0,50.0,favorable,glass_Tong_0.1um_8mday_50mM_favor,BTEC_ND,4.68862,PV,-5.301,3020000.0,primary,Microspheres Glass Beads Tong,AU
Tong,glass,0.1,8.0,50.0,favorable,glass_Tong_0.1um_8mday_50mM_favor,BTEC_ND,5.52216,PV,-5.301,3020000.0,primary,Microspheres Glass Beads Tong,AU
Tong,glass,0.1,8.0,50.0,favorable,glass_Tong_0.1um_8mday_50mM_favor,BTEC_ND,6.35569,PV,-5.301,3020000.0,primary,Microspheres Glass Beads Tong,AU
Tong,glass,0.1,8.0,50.0,favorable,glass_Tong_0.1um_8mday_50mM_favor,BTEC_ND,7.18922,PV,-5.301,3020000.0,primary,Microspheres Glass Beads Tong,AU
Tong,glass,0.1,8.0,50.0,favorable,glass_Tong_0.1um_8mday_50mM_favor,BTEC_ND,8.02275,PV,-5.301,3020000.0,primary,Microspheres Glass Beads Tong,AU
Tong,glass,0.1,8.0,50.0,favorable,glass_Tong_0.1um_8mday_50mM_favor,BTEC_ND,9.13413,PV,-5.301,3020000.0,primary,Microspheres Glass Beads Tong,AU
Tong,glass,0.1,8.0,50.0,favorable,glass_Tong_0.1um_8mday_50mM_favor,BTEC_ND,9.8982,PV,-5.301,3020000.0,primary,Microspheres Glass Beads Tong,AU
Tong,glass,0.1,8.0,20.0,unfavorable,glass_Tong_0.1um_8mday_20mM_unfav,BTEC,0.69461,PV,-3.1496,10500000.0,primary,Microspheres Glass Beads Tong,AX
Tong,glass,0.1,8.0,20.0,unfavorable,glass_Tong_0.1um_8mday_20mM_unfav,BTEC,0.83353,PV,-0.9101,10500000.0,primary,Microspheres Glass Beads Tong,AX
Tong,glass,0.1,8.0,20.0,unfavorable,glass_Tong_0.1um_8mday_20mM_unfav,BTEC,0.97246,PV,-0.3753,10500000.0,primary,Microspheres Glass Beads Tong,AX
Tong,glass,0.1,8.0,20.0,unfavorable,glass_Tong_0.1um_8mday_20mM_unfav,BTEC,1.04192,PV,-0.263,10500000.0,primary,Microspheres Glass Beads Tong,AX
Tong,glass,0.1,8.0,20.0,unfavorable,glass_Tong_0.1um_8mday_20mM_unfav,BTEC,1.14611,PV,-0.0573,10500000.0,primary,Microspheres Glass Beads Tong,AX
Tong,glass,0.1,8.0,20.0,unfavorable,glass_Tong_0.1um_8mday_20mM_unfav,BTEC,1.35449,PV,-0.0116,10500000.0,primary,Microspheres Glass Beads Tong,AX
Tong,glass,0.1,8.0,20.0,unfavorable,glass_Tong_0.1um_8mday_20mM_unfav,BTEC,1.56287,PV,-0.0131,10500000.0,primary,Microspheres Glass Beads Tong,AX
Tong,glass,0.1,8.0,20.0,unfavorable,glass_Tong_0.1um_8mday_20mM_unfav,BTEC,1.97964,PV,-0.0095,10500000.0,primary,Microspheres Glass Beads Tong,AX
Tong,glass,0.1,8.0,20.0,unfavorable,glass_Tong_0.1um_8mday_20mM_unfav,BTEC,2.39641,PV,-0.0039,10500000.0,primary,Microspheres Glass Beads Tong,AX
Tong,glass,0.1,8.0,20.0,unfavorable,glass_Tong_0.1um_8mday_20mM_unfav,BTEC,2.81317,PV,-0.0078,10500000.0,primary,Microspheres Glass Beads Tong,AX
Tong,glass,0.1,8.0,20.0,unfavorable,glass_Tong_0.1um_8mday_20mM_unfav,BTEC,3.02156,PV,-0.0066,10500000.0,primary,Microspheres Glass Beads Tong,AX
Tong,glass,0.1,8.0,20.0,unfavorable,glass_Tong_0.1um_8mday_20mM_unfav,BTEC,3.22994,PV,-0.0058,10500000.0,primary,Microspheres Glass Beads Tong,AX
Tong,glass,0.1,8.0,20.0,unfavorable,glass_Tong_0.1um_8mday_20mM_unfav,BTEC,3.54251,PV,-0.0067,10500000.0,primary,Microspheres Glass Beads Tong,AX
Tong,glass,0.1,8.0,20.0,unfavorable,glass_Tong_0.1um_8mday_20mM_unfav,BTEC,3.7509,PV,-0.0027,10500000.0,primary,Microspheres Glass Beads Tong,AX
Tong,glass,0.1,8.0,20.0,unfavorable,glass_Tong_0.1um_8mday_20mM_unfav,BTEC,3.82036,PV,-0.0213,10500000.0,primary,Microspheres Glass Beads Tong,AX
Tong,glass,0.1,8.0,20.0,unfavorable,glass_Tong_0.1um_8mday_20mM_unfav,BTEC,3.88982,PV,-0.0373,10500000.0,primary,Microspheres Glass Beads Tong,AX
Tong,glass,0.1,8.0,20.0,unfavorable,glass_Tong_0.1um_8mday_20mM_unfav,BTEC,3.95928,PV,-0.1319,10500000.0,primary,Microspheres Glass Beads Tong,AX
Tong,glass,0.1,8.0,20.0,unfavorable,glass_Tong_0.1um_8mday_20mM_unfav,BTEC,4.02874,PV,-0.3935,10500000.0,primary,Microspheres Glass Beads Tong,AX
Tong,glass,0.1,8.0,20.0,unfavorable,glass_Tong_0.1um_8mday_20mM_unfav,BTEC,4.0982,PV,-0.6704,10500000.0,primary,Microspheres Glass Beads Tong,AX
Tong,glass,0.1,8.0,20.0,unfavorable,glass_Tong_0.1um_8mday_20mM_unfav,BTEC,4.16766,PV,-1.2352,10500000.0,primary,Microspheres Glass Beads Tong,AX
Tong,glass,0.1,8.0,20.0,unfavorable,glass_Tong_0.1um_8mday_20mM_unfav,BTEC,4.27186,PV,-1.789,10500000.0,primary,Microspheres Glass Beads Tong,AX
Tong,glass,0.1,8.0,20.0,unfavorable,glass_Tong_0.1um_8mday_20mM_unfav,BTEC,4.68862,PV,-2.0617,10500000.0,primary,Microspheres Glass Beads Tong,AX
Tong,glass,0.1,8.0,20.0,unfavorable,glass_Tong_0.1um_8mday_20mM_unfav,BTEC,5.52216,PV,-2.2091,10500000.0,primary,Microspheres Glass Beads Tong,AX
Tong,glass,0.1,8.0,20.0,unfavorable,glass_Tong_0.1um_8mday_20mM_unfav,BTEC,6.35569,PV,-2.563,10500000.0,primary,Microspheres Glass Beads Tong,AX
Tong,glass,0.1,8.0,20.0,unfavorable,glass_Tong_0.1um_8mday_20mM_unfav,BTEC,7.18922,PV,-2.6648,10500000.0,primary,Microspheres Glass Beads Tong,AX
Tong,glass,0.1,8.0,20.0,unfavorable,glass_Tong_0.1um_8mday_20mM_unfav,BTEC,8.02275,PV,-2.6911,10500000.0,primary,Microspheres Glass Beads Tong,AX
Tong,glass,0.1,8.0,20.0,unfavorable,glass_Tong_0.1um_8mday_20mM_unfav,BTEC,9.06467,PV,-2.7437,10500000.0,primary,Microspheres Glass Beads Tong,AX
Tong,glass,0.1,8.0,20.0,unfavorable,glass_Tong_0.1um_8mday_20mM_unfav,BTEC,9.8982,PV,-2.754,10500000.0,primary,Microspheres Glass Beads Tong,AX
Tong,glass,0.1,8.0,20.0,unfavorable,glass_Tong_0.1um_8mday_20mM_unfav,RP,0.01208,distance_m,7.3372,10500000.0,primary,Microspheres Glass Beads Tong,AX
Tong,glass,0.1,8.0,20.0,unfavorable,glass_Tong_0.1um_8mday_20mM_unfav,RP,0.03295,distance_m,6.782,10500000.0,primary,Microspheres Glass Beads Tong,AX
Tong,glass,0.1,8.0,20.0,unfavorable,glass_Tong_0.1um_8mday_20mM_unfav,RP,0.0536,distance_m,6.675,10500000.0,primary,Microspheres Glass Beads Tong,AX
Tong,glass,0.1,8.0,20.0,unfavorable,glass_Tong_0.1um_8mday_20mM_unfav,RP,0.07242,distance_m,6.5957,10500000.0,primary,Microspheres Glass Beads Tong,AX
Tong,glass,0.1,8.0,20.0,unfavorable,glass_Tong_0.1um_8mday_20mM_unfav,RP,0.09176,distance_m,6.5499,10500000.0,primary,Microspheres Glass Beads Tong,AX
Tong,glass,0.1,8.0,20.0,unfavorable,glass_Tong_0.1um_8mday_20mM_unfav,RP,0.11111,distance_m,6.5553,10500000.0,primary,Microspheres Glass Beads Tong,AX
Tong,glass,0.1,8.0,20.0,unfavorable,glass_Tong_0.1um_8mday_20mM_unfav,RP,0.13013,distance_m,6.4936,10500000.0,primary,Microspheres Glass Beads Tong,AX
Tong,glass,0.1,8.0,20.0,unfavorable,glass_Tong_0.1um_8mday_20mM_unfav,RP,0.14992,distance_m,6.5303,10500000.0,primary,Microspheres Glass Beads Tong,AX
Tong,glass,0.1,8.0,20.0,unfavorable,glass_Tong_0.1um_8mday_20mM_unfav,RP,0.16966,distance_m,6.5907,10500000.0,primary,Microspheres Glass Beads Tong,AX
Tong,glass,0.1,8.0,20.0,unfavorable,glass_Tong_0.1um_8mday_20mM_unfav,RP,0.18792,distance_m,6.6453,10500000.0,primary,Microspheres Glass Beads Tong,AX
Tong,glass,0.2,8.0,50.0,favorable,glass_Tong_0.2um_8mday_50mM_favor,RP,0.00877,distance_m,8.9403,6930000.0,primary,Microspheres Glass Beads Tong,BB
Tong,glass,0.2,8.0,50.0,favorable,glass_Tong_0.2um_8mday_50mM_favor,RP,0.0272,distance_m,8.55,6930000.0,primary,Microspheres Glass Beads Tong,BB
Tong,glass,0.2,8.0,50.0,favorable,glass_Tong_0.2um_8mday_50mM_favor,RP,0.04877,distance_m,8.243,6930000.0,primary,Microspheres Glass Beads Tong,BB
Tong,glass,0.2,8.0,50.0,favorable,glass_Tong_0.2um_8mday_50mM_favor,RP,0.06987,distance_m,7.8126,6930000.0,primary,Microspheres Glass Beads Tong,BB
Tong,glass,0.2,8.0,50.0,favorable,glass_Tong_0.2um_8mday_50mM_favor,RP,0.09038,distance_m,7.4007,6930000.0,primary,Microspheres Glass Beads Tong,BB
Tong,glass,0.2,8.0,50.0,favorable,glass_Tong_0.2um_8mday_50mM_favor,RP,0.11078,distance_m,7.0257,6930000.0,primary,Microspheres Glass Beads Tong,BB
Tong,glass,0.2,8.0,50.0,favorable,glass_Tong_0.2um_8mday_50mM_favor,RP,0.13023,distance_m,6.6763,6930000.0,primary,Microspheres Glass Beads Tong,BB
Tong,glass,0.2,8.0,50.0,favorable,glass_Tong_0.2um_8mday_50mM_favor,RP,0.15141,distance_m,6.4683,6930000.0,primary,Microspheres Glass Beads Tong,BB
Tong,glass,0.2,8.0,50.0,favorable,glass_Tong_0.2um_8mday_50mM_favor,RP,0.17162,distance_m,6.1609,6930000.0,primary,Microspheres Glass Beads Tong,BB
Tong,glass,0.2,8.0,50.0,favorable,glass_Tong_0.2um_8mday_50mM_favor,RP,0.19123,distance_m,5.8502,6930000.0,primary,Microspheres Glass Beads Tong,BB
Tong,glass,0.2,8.0,50.0,favorable,glass_Tong_0.2um_8mday_50mM_favor,BTEC_ND,4.68862,PV,-5.301,6930000.0,primary,Microspheres Glass Beads Tong,BB
Tong,glass,0.2,8.0,50.0,favorable,glass_Tong_0.2um_8mday_50mM_favor,BTEC_ND,5.52216,PV,-5.301,6930000.0,primary,Microspheres Glass Beads Tong,BB
Tong,glass,0.2,8.0,50.0,favorable,glass_Tong_0.2um_8mday_50mM_favor,BTEC_ND,6.35569,PV,-5.301,6930000.0,primary,Microspheres Glass Beads Tong,BB
Tong,glass,0.2,8.0,50.0,favorable,glass_Tong_0.2um_8mday_50mM_favor,BTEC_ND,7.18922,PV,-5.301,6930000.0,primary,Microspheres Glass Beads Tong,BB
Tong,glass,0.2,8.0,50.0,favorable,glass_Tong_0.2um_8mday_50mM_favor,BTEC_ND,8.02275,PV,-5.301,6930000.0,primary,Microspheres Glass Beads Tong,BB
Tong,glass,0.2,8.0,50.0,favorable,glass_Tong_0.2um_8mday_50mM_favor,BTEC_ND,9.06467,PV,-5.301,6930000.0,primary,Microspheres Glass Beads Tong,BB
Tong,glass,0.2,8.0,50.0,favorable,glass_Tong_0.2um_8mday_50mM_favor,BTEC_ND,9.8982,PV,-5.301,6930000.0,primary,Microspheres Glass Beads Tong,BB
Tong,glass,0.2,8.0,20.0,unfavorable,glass_Tong_0.2um_8mday_20mM_unfav,BTEC,0.69461,PV,-3.3836,11000000.0,primary,Microspheres Glass Beads Tong,BE
Tong,glass,0.2,8.0,20.0,unfavorable,glass_Tong_0.2um_8mday_20mM_unfav,BTEC,0.83353,PV,-1.1952,11000000.0,primary,Microspheres Glass Beads Tong,BE
Tong,glass,0.2,8.0,20.0,unfavorable,glass_Tong_0.2um_8mday_20mM_unfav,BTEC,0.97246,PV,-0.4225,11000000.0,primary,Microspheres Glass Beads Tong,BE
Tong,glass,0.2,8.0,20.0,unfavorable,glass_Tong_0.2um_8mday_20mM_unfav,BTEC,1.04192,PV,-0.1957,11000000.0,primary,Microspheres Glass Beads Tong,BE
Tong,glass,0.2,8.0,20.0,unfavorable,glass_Tong_0.2um_8mday_20mM_unfav,BTEC,1.14611,PV,-0.0418,11000000.0,primary,Microspheres Glass Beads Tong,BE
Tong,glass,0.2,8.0,20.0,unfavorable,glass_Tong_0.2um_8mday_20mM_unfav,BTEC,1.35449,PV,-0.0373,11000000.0,primary,Microspheres Glass Beads Tong,BE
Tong,glass,0.2,8.0,20.0,unfavorable,glass_Tong_0.2um_8mday_20mM_unfav,BTEC,1.56287,PV,-0.0343,11000000.0,primary,Microspheres Glass Beads Tong,BE
Tong,glass,0.2,8.0,20.0,unfavorable,glass_Tong_0.2um_8mday_20mM_unfav,BTEC,1.97964,PV,-0.0453,11000000.0,primary,Microspheres Glass Beads Tong,BE
Tong,glass,0.2,8.0,20.0,unfavorable,glass_Tong_0.2um_8mday_20mM_unfav,BTEC,2.39641,PV,-0.0406,11000000.0,primary,Microspheres Glass Beads Tong,BE
Tong,glass,0.2,8.0,20.0,unfavorable,glass_Tong_0.2um_8mday_20mM_unfav,BTEC,2.81317,PV,-0.0366,11000000.0,primary,Microspheres Glass Beads Tong,BE
Tong,glass,0.2,8.0,20.0,unfavorable,glass_Tong_0.2um_8mday_20mM_unfav,BTEC,3.02156,PV,-0.0394,11000000.0,primary,Microspheres Glass Beads Tong,BE
Tong,glass,0.2,8.0,20.0,unfavorable,glass_Tong_0.2um_8mday_20mM_unfav,BTEC,3.22994,PV,-0.0408,11000000.0,primary,Microspheres Glass Beads Tong,BE
Tong,glass,0.2,8.0,20.0,unfavorable,glass_Tong_0.2um_8mday_20mM_unfav,BTEC,3.54251,PV,-0.0248,11000000.0,primary,Microspheres Glass Beads Tong,BE
Tong,glass,0.2,8.0,20.0,unfavorable,glass_Tong_0.2um_8mday_20mM_unfav,BTEC,3.7509,PV,-0.0248,11000000.0,primary,Microspheres Glass Beads Tong,BE
Tong,glass,0.2,8.0,20.0,unfavorable,glass_Tong_0.2um_8mday_20mM_unfav,BTEC,3.82036,PV,-0.0741,11000000.0,primary,Microspheres Glass Beads Tong,BE
Tong,glass,0.2,8.0,20.0,unfavorable,glass_Tong_0.2um_8mday_20mM_unfav,BTEC,3.88982,PV,-0.1545,11000000.0,primary,Microspheres Glass Beads Tong,BE
Tong,glass,0.2,8.0,20.0,unfavorable,glass_Tong_0.2um_8mday_20mM_unfav,BTEC,3.95928,PV,-0.3626,11000000.0,primary,Microspheres Glass Beads Tong,BE
Tong,glass,0.2,8.0,20.0,unfavorable,glass_Tong_0.2um_8mday_20mM_unfav,BTEC,4.02874,PV,-0.8062,11000000.0,primary,Microspheres Glass Beads Tong,BE
Tong,glass,0.2,8.0,20.0,unfavorable,glass_Tong_0.2um_8mday_20mM_unfav,BTEC,4.0982,PV,-1.2958,11000000.0,primary,Microspheres Glass Beads Tong,BE
Tong,glass,0.2,8.0,20.0,unfavorable,glass_Tong_0.2um_8mday_20mM_unfav,BTEC,4.16766,PV,-1.7485,11000000.0,primary,Microspheres Glass Beads Tong,BE
Tong,glass,0.2,8.0,20.0,unfavorable,glass_Tong_0.2um_8mday_20mM_unfav,BTEC,4.27186,PV,-1.9193,11000000.0,primary,Microspheres Glass Beads Tong,BE
Tong,glass,0.2,8.0,20.0,unfavorable,glass_Tong_0.2um_8mday_20mM_unfav,BTEC,4.68862,PV,-2.1013,11000000.0,primary,Microspheres Glass Beads Tong,BE
Tong,glass,0.2,8.0,20.0,unfavorable,glass_Tong_0.2um_8mday_20mM_unfav,BTEC,5.52216,PV,-2.3102,11000000.0,primary,Microspheres Glass Beads Tong,BE
Tong,glass,0.2,8.0,20.0,unfavorable,glass_Tong_0.2um_8mday_20mM_unfav,BTEC,6.35569,PV,-2.5601,11000000.0,primary,Microspheres Glass Beads Tong,BE
Tong,glass,0.2,8.0,20.0,unfavorable,glass_Tong_0.2um_8mday_20mM_unfav,BTEC,7.18922,PV,-2.6055,11000000.0,primary,Microspheres Glass Beads Tong,BE
Tong,glass,0.2,8.0,20.0,unfavorable,glass_Tong_0.2um_8mday_20mM_unfav,BTEC,8.02275,PV,-2.6326,11000000.0,primary,Microspheres Glass Beads Tong,BE
Tong,glass,0.2,8.0,20.0,unfavorable,glass_Tong_0.2um_8mday_20mM_unfav,BTEC,9.06467,PV,-2.6352,11000000.0,primary,Microspheres Glass Beads Tong,BE
Tong,glass,0.2,8.0,20.0,unfavorable,glass_Tong_0.2um_8mday_20mM_unfav,BTEC,9.8982,PV,-2.6275,11000000.0,primary,Microspheres Glass Beads Tong,BE
Tong,glass,0.2,8.0,20.0,unfavorable,glass_Tong_0.2um_8mday_20mM_unfav,RP,0.01212,distance_m,8.2019,11000000.0,primary,Microspheres Glass Beads Tong,BE
Tong,glass,0.2,8.0,20.0,unfavorable,glass_Tong_0.2um_8mday_20mM_unfav,RP,0.03198,distance_m,8.0529,11000000.0,primary,Microspheres Glass Beads Tong,BE
Tong,glass,0.2,8.0,20.0,unfavorable,glass_Tong_0.2um_8mday_20mM_unfav,RP,0.0503,distance_m,7.7602,11000000.0,primary,Microspheres Glass Beads Tong,BE
Tong,glass,0.2,8.0,20.0,unfavorable,glass_Tong_0.2um_8mday_20mM_unfav,RP,0.07043,distance_m,7.5107,11000000.0,primary,Microspheres Glass Beads Tong,BE
Tong,glass,0.2,8.0,20.0,unfavorable,glass_Tong_0.2um_8mday_20mM_unfav,RP,0.09112,distance_m,7.1446,11000000.0,primary,Microspheres Glass Beads Tong,BE
Tong,glass,0.2,8.0,20.0,unfavorable,glass_Tong_0.2um_8mday_20mM_unfav,RP,0.11203,distance_m,6.9508,11000000.0,primary,Microspheres Glass Beads Tong,BE
Tong,glass,0.2,8.0,20.0,unfavorable,glass_Tong_0.2um_8mday_20mM_unfav,RP,0.13182,distance_m,6.6918,11000000.0,primary,Microspheres Glass Beads Tong,BE
Tong,glass,0.2,8.0,20.0,unfavorable,glass_Tong_0.2um_8mday_20mM_unfav,RP,0.14918,distance_m,6.5088,11000000.0,primary,Microspheres Glass Beads Tong,BE
Tong,glass,0.2,8.0,20.0,unfavorable,glass_Tong_0.2um_8mday_20mM_unfav,RP,0.16794,distance_m,6.442,11000000.0,primary,Microspheres Glass Beads Tong,BE
Tong,glass,0.2,8.0,20.0,unfavorable,glass_Tong_0.2um_8mday_20mM_unfav,RP,0.18788,distance_m,6.3802,11000000.0,primary,Microspheres Glass Beads Tong,BE
Tong,glass,0.2,8.0,20.0,unfavorable,glass_Tong_0.2um_8mday_20mM_unfav,BTEC,0.7988,PV,-3.2482,13400000.0,primary,Microspheres Glass Beads Tong,BH
Tong,glass,0.2,8.0,20.0,unfavorable,glass_Tong_0.2um_8mday_20mM_unfav,BTEC,1.14611,PV,-0.2674,13400000.0,primary,Microspheres Glass Beads Tong,BH
Tong,glass,0.2,8.0,20.0,unfavorable,glass_Tong_0.2um_8mday_20mM_unfav,BTEC,1.49341,PV,-0.0272,13400000.0,primary,Microspheres Glass Beads Tong,BH
Tong,glass,0.2,8.0,20.0,unfavorable,glass_Tong_0.2um_8mday_20mM_unfav,BTEC,1.84072,PV,-0.0009,13400000.0,primary,Microspheres Glass Beads Tong,BH
Tong,glass,0.2,8.0,20.0,unfavorable,glass_Tong_0.2um_8mday_20mM_unfav,BTEC,2.18802,PV,-0.0298,13400000.0,primary,Microspheres Glass Beads Tong,BH
Tong,glass,0.2,8.0,20.0,unfavorable,glass_Tong_0.2um_8mday_20mM_unfav,BTEC,2.53533,PV,-0.0057,13400000.0,primary,Microspheres Glass Beads Tong,BH
Tong,glass,0.2,8.0,20.0,unfavorable,glass_Tong_0.2um_8mday_20mM_unfav,BTEC,2.88263,PV,-0.0045,13400000.0,primary,Microspheres Glass Beads Tong,BH
Tong,glass,0.2,8.0,20.0,unfavorable,glass_Tong_0.2um_8mday_20mM_unfav,BTEC,3.22994,PV,-0.0173,13400000.0,primary,Microspheres Glass Beads Tong,BH
Tong,glass,0.2,8.0,20.0,unfavorable,glass_Tong_0.2um_8mday_20mM_unfav,BTEC,3.7509,PV,-0.051,13400000.0,primary,Microspheres Glass Beads Tong,BH
Tong,glass,0.2,8.0,20.0,unfavorable,glass_Tong_0.2um_8mday_20mM_unfav,BTEC,3.88982,PV,-0.0551,13400000.0,primary,Microspheres Glass Beads Tong,BH
Tong,glass,0.2,8.0,20.0,unfavorable,glass_Tong_0.2um_8mday_20mM_unfav,BTEC,3.95928,PV,-0.1545,13400000.0,primary,Microspheres Glass Beads Tong,BH
Tong,glass,0.2,8.0,20.0,unfavorable,glass_Tong_0.2um_8mday_20mM_unfav,BTEC,4.02874,PV,-0.303,13400000.0,primary,Microspheres Glass Beads Tong,BH
Tong,glass,0.2,8.0,20.0,unfavorable,glass_Tong_0.2um_8mday_20mM_unfav,BTEC,4.0982,PV,-0.4392,13400000.0,primary,Microspheres Glass Beads Tong,BH
Tong,glass,0.2,8.0,20.0,unfavorable,glass_Tong_0.2um_8mday_20mM_unfav,BTEC,4.16766,PV,-0.6749,13400000.0,primary,Microspheres Glass Beads Tong,BH
Tong,glass,0.2,8.0,20.0,unfavorable,glass_Tong_0.2um_8mday_20mM_unfav,BTEC,4.27186,PV,-1.0721,13400000.0,primary,Microspheres Glass Beads Tong,BH
Tong,glass,0.2,8.0,20.0,unfavorable,glass_Tong_0.2um_8mday_20mM_unfav,BTEC,4.68862,PV,-2.3712,13400000.0,primary,Microspheres Glass Beads Tong,BH
Tong,glass,0.2,8.0,20.0,unfavorable,glass_Tong_0.2um_8mday_20mM_unfav,BTEC,5.52216,PV,-2.986,13400000.0,primary,Microspheres Glass Beads Tong,BH
Tong,glass,0.2,8.0,20.0,unfavorable,glass_Tong_0.2um_8mday_20mM_unfav,BTEC,6.35569,PV,-3.1905,13400000.0,primary,Microspheres Glass Beads Tong,BH
Tong,glass,0.2,8.0,20.0,unfavorable,glass_Tong_0.2um_8mday_20mM_unfav,BTEC,7.18922,PV,-3.1133,13400000.0,primary,Microspheres Glass Beads Tong,BH
Tong,glass,0.2,8.0,20.0,unfavorable,glass_Tong_0.2um_8mday_20mM_unfav,BTEC,8.02275,PV,-3.2152,13400000.0,primary,Microspheres Glass Beads Tong,BH
Tong,glass,0.2,8.0,20.0,unfavorable,glass_Tong_0.2um_8mday_20mM_unfav,BTEC,9.13413,PV,-3.3826,13400000.0,primary,Microspheres Glass Beads Tong,BH
Tong,glass,0.2,8.0,20.0,unfavorable,glass_Tong_0.2um_8mday_20mM_unfav,BTEC,9.8982,PV,-3.3472,13400000.0,primary,Microspheres Glass Beads Tong,BH
Tong,glass,0.2,8.0,20.0,unfavorable,glass_Tong_0.2um_8mday_20mM_unfav,RP,0.01265,distance_m,8.2725,13400000.0,primary,Microspheres Glass Beads Tong,BH
Tong,glass,0.2,8.0,20.0,unfavorable,glass_Tong_0.2um_8mday_20mM_unfav,RP,0.03444,distance_m,7.9409,13400000.0,primary,Microspheres Glass Beads Tong,BH
Tong,glass,0.2,8.0,20.0,unfavorable,glass_Tong_0.2um_8mday_20mM_unfav,RP,0.05422,distance_m,7.6972,13400000.0,primary,Microspheres Glass Beads Tong,BH
Tong,glass,0.2,8.0,20.0,unfavorable,glass_Tong_0.2um_8mday_20mM_unfav,RP,0.0735,distance_m,7.5435,13400000.0,primary,Microspheres Glass Beads Tong,BH
Tong,glass,0.2,8.0,20.0,unfavorable,glass_Tong_0.2um_8mday_20mM_unfav,RP,0.09348,distance_m,7.2931,13400000.0,primary,Microspheres Glass Beads Tong,BH
Tong,glass,0.2,8.0,20.0,unfavorable,glass_Tong_0.2um_8mday_20mM_unfav,RP,0.10977,distance_m,7.1405,13400000.0,primary,Microspheres Glass Beads Tong,BH
Tong,glass,0.2,8.0,20.0,unfavorable,glass_Tong_0.2um_8mday_20mM_unfav,RP,0.13061,distance_m,7.0377,13400000.0,primary,Microspheres Glass Beads Tong,BH
Tong,glass,0.2,8.0,20.0,unfavorable,glass_Tong_0.2um_8mday_20mM_unfav,RP,0.14878,distance_m,7.0198,13400000.0,primary,Microspheres Glass Beads Tong,BH
Tong,glass,0.2,8.0,20.0,unfavorable,glass_Tong_0.2um_8mday_20mM_unfav,RP,0.16667,distance_m,6.9998,13400000.0,primary,Microspheres Glass Beads Tong,BH
Tong,glass,0.2,8.0,20.0,unfavorable,glass_Tong_0.2um_8mday_20mM_unfav,RP,0.18735,distance_m,6.9861,13400000.0,primary,Microspheres Glass Beads Tong,BH
Tong,glass,0.2,8.0,20.0,unfavorable,glass_Tong_0.2um_8mday_20mM_unfav,BTEC,0.69461,PV,-3.8549,4500000.0,primary,Microspheres Glass Beads Tong,BN
Tong,glass,0.2,8.0,20.0,unfavorable,glass_Tong_0.2um_8mday_20mM_unfav,BTEC,0.83353,PV,-3.7853,4500000.0,primary,Microspheres Glass Beads Tong,BN
Tong,glass,0.2,8.0,20.0,unfavorable,glass_Tong_0.2um_8mday_20mM_unfav,BTEC,0.97246,PV,-1.2221,4500000.0,primary,Microspheres Glass Beads Tong,BN
Tong,glass,0.2,8.0,20.0,unfavorable,glass_Tong_0.2um_8mday_20mM_unfav,BTEC,1.04192,PV,-0.6603,4500000.0,primary,Microspheres Glass Beads Tong,BN
Tong,glass,0.2,8.0,20.0,unfavorable,glass_Tong_0.2um_8mday_20mM_unfav,BTEC,1.14611,PV,-0.2222,4500000.0,primary,Microspheres Glass Beads Tong,BN
Tong,glass,0.2,8.0,20.0,unfavorable,glass_Tong_0.2um_8mday_20mM_unfav,BTEC,1.35449,PV,-0.0369,4500000.0,primary,Microspheres Glass Beads Tong,BN
Tong,glass,0.2,8.0,20.0,unfavorable,glass_Tong_0.2um_8mday_20mM_unfav,BTEC,1.56287,PV,-0.0029,4500000.0,primary,Microspheres Glass Beads Tong,BN
Tong,glass,0.2,8.0,20.0,unfavorable,glass_Tong_0.2um_8mday_20mM_unfav,BTEC,1.97964,PV,-0.033,4500000.0,primary,Microspheres Glass Beads Tong,BN
Tong,glass,0.2,8.0,20.0,unfavorable,glass_Tong_0.2um_8mday_20mM_unfav,BTEC,2.39641,PV,-0.0347,4500000.0,primary,Microspheres Glass Beads Tong,BN
Tong,glass,0.2,8.0,20.0,unfavorable,glass_Tong_0.2um_8mday_20mM_unfav,BTEC,2.81317,PV,-0.047,4500000.0,primary,Microspheres Glass Beads Tong,BN
Tong,glass,0.2,8.0,20.0,unfavorable,glass_Tong_0.2um_8mday_20mM_unfav,BTEC,3.02156,PV,-0.0483,4500000.0,primary,Microspheres Glass Beads Tong,BN
Tong,glass,0.2,8.0,20.0,unfavorable,glass_Tong_0.2um_8mday_20mM_unfav,BTEC,3.22994,PV,-0.028,4500000.0,primary,Microspheres Glass Beads Tong,BN
Tong,glass,0.2,8.0,20.0,unfavorable,glass_Tong_0.2um_8mday_20mM_unfav,BTEC,3.54251,PV,0.0084,4500000.0,primary,Microspheres Glass Beads Tong,BN
Tong,glass,0.2,8.0,20.0,unfavorable,glass_Tong_0.2um_8mday_20mM_unfav,BTEC,3.7509,PV,-0.0044,4500000.0,primary,Microspheres Glass Beads Tong,BN
Tong,glass,0.2,8.0,20.0,unfavorable,glass_Tong_0.2um_8mday_20mM_unfav,BTEC,3.82036,PV,-0.0381,4500000.0,primary,Microspheres Glass Beads Tong,BN
Tong,glass,0.2,8.0,20.0,unfavorable,glass_Tong_0.2um_8mday_20mM_unfav,BTEC,3.88982,PV,-0.0242,4500000.0,primary,Microspheres Glass Beads Tong,BN
Tong,glass,0.2,8.0,20.0,unfavorable,glass_Tong_0.2um_8mday_20mM_unfav,BTEC,3.95928,PV,-0.0805,4500000.0,primary,Microspheres Glass Beads Tong,BN
Tong,glass,0.2,8.0,20.0,unfavorable,glass_Tong_0.2um_8mday_20mM_unfav,BTEC,4.02874,PV,-0.1693,4500000.0,primary,Microspheres Glass Beads Tong,BN
Tong,glass,0.2,8.0,20.0,unfavorable,glass_Tong_0.2um_8mday_20mM_unfav,BTEC,4.0982,PV,-0.3954,4500000.0,primary,Microspheres Glass Beads Tong,BN
Tong,glass,0.2,8.0,20.0,unfavorable,glass_Tong_0.2um_8mday_20mM_unfav,BTEC,4.16766,PV,-0.6499,4500000.0,primary,Microspheres Glass Beads Tong,BN
Tong,glass,0.2,8.0,20.0,unfavorable,glass_Tong_0.2um_8mday_20mM_unfav,BTEC,4.27186,PV,-2.3763,4500000.0,primary,Microspheres Glass Beads Tong,BN
Tong,glass,0.2,8.0,20.0,unfavorable,glass_Tong_0.2um_8mday_20mM_unfav,BTEC,4.68862,PV,-2.4921,4500000.0,primary,Microspheres Glass Beads Tong,BN
Tong,glass,0.2,8.0,20.0,unfavorable,glass_Tong_0.2um_8mday_20mM_unfav,BTEC,5.52216,PV,-2.8085,4500000.0,primary,Microspheres Glass Beads Tong,BN
Tong,glass,0.2,8.0,20.0,unfavorable,glass_Tong_0.2um_8mday_20mM_unfav,BTEC,6.35569,PV,-3.1598,4500000.0,primary,Microspheres Glass Beads Tong,BN
Tong,glass,0.2,8.0,20.0,unfavorable,glass_Tong_0.2um_8mday_20mM_unfav,BTEC,7.18922,PV,-3.144,4500000.0,primary,Microspheres Glass Beads Tong,BN
Tong,glass,0.2,8.0,20.0,unfavorable,glass_Tong_0.2um_8mday_20mM_unfav,BTEC,8.02275,PV,-3.1763,4500000.0,primary,Microspheres Glass Beads Tong,BN
Tong,glass,0.2,8.0,20.0,unfavorable,glass_Tong_0.2um_8mday_20mM_unfav,BTEC,9.13413,PV,-3.3117,4500000.0,primary,Microspheres Glass Beads Tong,BN
Tong,glass,0.2,8.0,20.0,unfavorable,glass_Tong_0.2um_8mday_20mM_unfav,BTEC,9.8982,PV,-3.4726,4500000.0,primary,Microspheres Glass Beads Tong,BN
Tong,glass,0.2,8.0,20.0,unfavorable,glass_Tong_0.2um_8mday_20mM_unfav,RP,0.01074,distance_m,7.93,4500000.0,primary,Microspheres Glass Beads Tong,BN
Tong,glass,0.2,8.0,20.0,unfavorable,glass_Tong_0.2um_8mday_20mM_unfav,RP,0.03002,distance_m,7.2951,4500000.0,primary,Microspheres Glass Beads Tong,BN
Tong,glass,0.2,8.0,20.0,unfavorable,glass_Tong_0.2um_8mday_20mM_unfav,RP,0.04945,distance_m,7.0338,4500000.0,primary,Microspheres Glass Beads Tong,BN
Tong,glass,0.2,8.0,20.0,unfavorable,glass_Tong_0.2um_8mday_20mM_unfav,RP,0.06783,distance_m,6.7968,4500000.0,primary,Microspheres Glass Beads Tong,BN
Tong,glass,0.2,8.0,20.0,unfavorable,glass_Tong_0.2um_8mday_20mM_unfav,RP,0.08798,distance_m,6.6235,4500000.0,primary,Microspheres Glass Beads Tong,BN
Tong,glass,0.2,8.0,20.0,unfavorable,glass_Tong_0.2um_8mday_20mM_unfav,RP,0.10683,distance_m,6.4677,4500000.0,primary,Microspheres Glass Beads Tong,BN
Tong,glass,0.2,8.0,20.0,unfavorable,glass_Tong_0.2um_8mday_20mM_unfav,RP,0.12692,distance_m,6.4313,4500000.0,primary,Microspheres Glass Beads Tong,BN
Tong,glass,0.2,8.0,20.0,unfavorable,glass_Tong_0.2um_8mday_20mM_unfav,RP,0.14833,distance_m,6.3982,4500000.0,primary,Microspheres Glass Beads Tong,BN
Tong,glass,0.2,8.0,20.0,unfavorable,glass_Tong_0.2um_8mday_20mM_unfav,RP,0.16937,distance_m,6.3807,4500000.0,primary,Microspheres Glass Beads Tong,BN
Tong,glass,0.2,8.0,20.0,unfavorable,glass_Tong_0.2um_8mday_20mM_unfav,RP,0.18926,distance_m,6.3671,4500000.0,primary,Microspheres Glass Beads Tong,BN
Tong,glass,0.5,8.0,20.0,unfavorable,glass_Tong_0.5um_8mday_20mM_unfav,BTEC,0.69461,PV,-4.4201,11800000.0,primary,Microspheres Glass Beads Tong,BU
Tong,glass,0.5,8.0,20.0,unfavorable,glass_Tong_0.5um_8mday_20mM_unfav,BTEC,0.83353,PV,-3.9059,11800000.0,primary,Microspheres Glass Beads Tong,BU
Tong,glass,0.5,8.0,20.0,unfavorable,glass_Tong_0.5um_8mday_20mM_unfav,BTEC,0.97246,PV,-1.9311,11800000.0,primary,Microspheres Glass Beads Tong,BU
Tong,glass,0.5,8.0,20.0,unfavorable,glass_Tong_0.5um_8mday_20mM_unfav,BTEC,1.04192,PV,-0.9561,11800000.0,primary,Microspheres Glass Beads Tong,BU
Tong,glass,0.5,8.0,20.0,unfavorable,glass_Tong_0.5um_8mday_20mM_unfav,BTEC,1.14611,PV,-0.1008,11800000.0,primary,Microspheres Glass Beads Tong,BU
Tong,glass,0.5,8.0,20.0,unfavorable,glass_Tong_0.5um_8mday_20mM_unfav,BTEC,1.35449,PV,-0.0309,11800000.0,primary,Microspheres Glass Beads Tong,BU
Tong,glass,0.5,8.0,20.0,unfavorable,glass_Tong_0.5um_8mday_20mM_unfav,BTEC,1.56287,PV,-0.0322,11800000.0,primary,Microspheres Glass Beads Tong,BU
Tong,glass,0.5,8.0,20.0,unfavorable,glass_Tong_0.5um_8mday_20mM_unfav,BTEC,1.97964,PV,-0.0132,11800000.0,primary,Microspheres Glass Beads Tong,BU
Tong,glass,0.5,8.0,20.0,unfavorable,glass_Tong_0.5um_8mday_20mM_unfav,BTEC,2.39641,PV,-0.0206,11800000.0,primary,Microspheres Glass Beads Tong,BU
Tong,glass,0.5,8.0,20.0,unfavorable,glass_Tong_0.5um_8mday_20mM_unfav,BTEC,2.81317,PV,-0.0165,11800000.0,primary,Microspheres Glass Beads Tong,BU
Tong,glass,0.5,8.0,20.0,unfavorable,glass_Tong_0.5um_8mday_20mM_unfav,BTEC,3.02156,PV,-0.0216,11800000.0,primary,Microspheres Glass Beads Tong,BU
Tong,glass,0.5,8.0,20.0,unfavorable,glass_Tong_0.5um_8mday_20mM_unfav,BTEC,3.22994,PV,-0.0307,11800000.0,primary,Microspheres Glass Beads Tong,BU
Tong,glass,0.5,8.0,20.0,unfavorable,glass_Tong_0.5um_8mday_20mM_unfav,BTEC,3.54251,PV,-0.0053,11800000.0,primary,Microspheres Glass Beads Tong,BU
Tong,glass,0.5,8.0,20.0,unfavorable,glass_Tong_0.5um_8mday_20mM_unfav,BTEC,3.7509,PV,-0.0187,11800000.0,primary,Microspheres Glass Beads Tong,BU
Tong,glass,0.5,8.0,20.0,unfavorable,glass_Tong_0.5um_8mday_20mM_unfav,BTEC,3.82036,PV,-0.1058,11800000.0,primary,Microspheres Glass Beads Tong,BU
Tong,glass,0.5,8.0,20.0,unfavorable,glass_Tong_0.5um_8mday_20mM_unfav,BTEC,3.88982,PV,-0.1285,11800000.0,primary,Microspheres Glass Beads Tong,BU
Tong,glass,0.5,8.0,20.0,unfavorable,glass_Tong_0.5um_8mday_20mM_unfav,BTEC,3.95928,PV,-0.239,11800000.0,primary,Microspheres Glass Beads Tong,BU
Tong,glass,0.5,8.0,20.0,unfavorable,glass_Tong_0.5um_8mday_20mM_unfav,BTEC,4.02874,PV,-0.5702,11800000.0,primary,Microspheres Glass Beads Tong,BU
Tong,glass,0.5,8.0,20.0,unfavorable,glass_Tong_0.5um_8mday_20mM_unfav,BTEC,4.0982,PV,-0.7824,11800000.0,primary,Microspheres Glass Beads Tong,BU
Tong,glass,0.5,8.0,20.0,unfavorable,glass_Tong_0.5um_8mday_20mM_unfav,BTEC,4.16766,PV,-1.0588,11800000.0,primary,Microspheres Glass Beads Tong,BU
Tong,glass,0.5,8.0,20.0,unfavorable,glass_Tong_0.5um_8mday_20mM_unfav,BTEC,4.27186,PV,-1.6348,11800000.0,primary,Microspheres Glass Beads Tong,BU
Tong,glass,0.5,8.0,20.0,unfavorable,glass_Tong_0.5um_8mday_20mM_unfav,BTEC,4.68862,PV,-2.2562,11800000.0,primary,Microspheres Glass Beads Tong,BU
Tong,glass,0.5,8.0,20.0,unfavorable,glass_Tong_0.5um_8mday_20mM_unfav,BTEC,5.52216,PV,-2.4952,11800000.0,primary,Microspheres Glass Beads Tong,BU
Tong,glass,0.5,8.0,20.0,unfavorable,glass_Tong_0.5um_8mday_20mM_unfav,BTEC,6.28623,PV,-2.5451,11800000.0,primary,Microspheres Glass Beads Tong,BU
Tong,glass,0.5,8.0,20.0,unfavorable,glass_Tong_0.5um_8mday_20mM_unfav,BTEC,7.18922,PV,-2.5194,11800000.0,primary,Microspheres Glass Beads Tong,BU
Tong,glass,0.5,8.0,20.0,unfavorable,glass_Tong_0.5um_8mday_20mM_unfav,BTEC,8.02275,PV,-2.6552,11800000.0,primary,Microspheres Glass Beads Tong,BU
Tong,glass,0.5,8.0,20.0,unfavorable,glass_Tong_0.5um_8mday_20mM_unfav,BTEC,9.13413,PV,-2.6763,11800000.0,primary,Microspheres Glass Beads Tong,BU
Tong,glass,0.5,8.0,20.0,unfavorable,glass_Tong_0.5um_8mday_20mM_unfav,BTEC,9.8982,PV,-2.8105,11800000.0,primary,Microspheres Glass Beads Tong,BU
Tong,glass,0.5,8.0,20.0,unfavorable,glass_Tong_0.5um_8mday_20mM_unfav,RP,0.01066,distance_m,7.3405,11800000.0,primary,Microspheres Glass Beads Tong,BU
Tong,glass,0.5,8.0,20.0,unfavorable,glass_Tong_0.5um_8mday_20mM_unfav,RP,0.02983,distance_m,7.0037,11800000.0,primary,Microspheres Glass Beads Tong,BU
Tong,glass,0.5,8.0,20.0,unfavorable,glass_Tong_0.5um_8mday_20mM_unfav,RP,0.05059,distance_m,6.8785,11800000.0,primary,Microspheres Glass Beads Tong,BU
Tong,glass,0.5,8.0,20.0,unfavorable,glass_Tong_0.5um_8mday_20mM_unfav,RP,0.0717,distance_m,6.734,11800000.0,primary,Microspheres Glass Beads Tong,BU
Tong,glass,0.5,8.0,20.0,unfavorable,glass_Tong_0.5um_8mday_20mM_unfav,RP,0.09006,distance_m,6.6735,11800000.0,primary,Microspheres Glass Beads Tong,BU
Tong,glass,0.5,8.0,20.0,unfavorable,glass_Tong_0.5um_8mday_20mM_unfav,RP,0.10906,distance_m,6.6212,11800000.0,primary,Microspheres Glass Beads Tong,BU
Tong,glass,0.5,8.0,20.0,unfavorable,glass_Tong_0.5um_8mday_20mM_unfav,RP,0.12829,distance_m,6.5882,11800000.0,primary,Microspheres Glass Beads Tong,BU
Tong,glass,0.5,8.0,20.0,unfavorable,glass_Tong_0.5um_8mday_20mM_unfav,RP,0.14852,distance_m,6.5188,11800000.0,primary,Microspheres Glass Beads Tong,BU
Tong,glass,0.5,8.0,20.0,unfavorable,glass_Tong_0.5um_8mday_20mM_unfav,RP,0.16867,distance_m,6.3684,11800000.0,primary,Microspheres Glass Beads Tong,BU
Tong,glass,0.5,8.0,20.0,unfavorable,glass_Tong_0.5um_8mday_20mM_unfav,RP,0.18934,distance_m,6.3427,11800000.0,primary,Microspheres Glass Beads Tong,BU
Tong,glass,1.0,8.0,20.0,unfavorable,glass_Tong_1.0um_8mday_20mM_unfav,BTEC,0.62515,PV,-3.556,16500000.0,primary,Microspheres Glass Beads Tong,CE
Tong,glass,1.0,8.0,20.0,unfavorable,glass_Tong_1.0um_8mday_20mM_unfav,BTEC,0.76407,PV,-2.7005,16500000.0,primary,Microspheres Glass Beads Tong,CE
Tong,glass,1.0,8.0,20.0,unfavorable,glass_Tong_1.0um_8mday_20mM_unfav,BTEC,0.90299,PV,-1.5686,16500000.0,primary,Microspheres Glass Beads Tong,CE
Tong,glass,1.0,8.0,20.0,unfavorable,glass_Tong_1.0um_8mday_20mM_unfav,BTEC,0.97246,PV,-0.9485,16500000.0,primary,Microspheres Glass Beads Tong,CE
Tong,glass,1.0,8.0,20.0,unfavorable,glass_Tong_1.0um_8mday_20mM_unfav,BTEC,1.07665,PV,-0.3185,16500000.0,primary,Microspheres Glass Beads Tong,CE
Tong,glass,1.0,8.0,20.0,unfavorable,glass_Tong_1.0um_8mday_20mM_unfav,BTEC,1.28503,PV,-0.0313,16500000.0,primary,Microspheres Glass Beads Tong,CE
Tong,glass,1.0,8.0,20.0,unfavorable,glass_Tong_1.0um_8mday_20mM_unfav,BTEC,1.49341,PV,-0.015,16500000.0,primary,Microspheres Glass Beads Tong,CE
Tong,glass,1.0,8.0,20.0,unfavorable,glass_Tong_1.0um_8mday_20mM_unfav,BTEC,1.91018,PV,-0.0203,16500000.0,primary,Microspheres Glass Beads Tong,CE
Tong,glass,1.0,8.0,20.0,unfavorable,glass_Tong_1.0um_8mday_20mM_unfav,BTEC,2.32695,PV,-0.0186,16500000.0,primary,Microspheres Glass Beads Tong,CE
Tong,glass,1.0,8.0,20.0,unfavorable,glass_Tong_1.0um_8mday_20mM_unfav,BTEC,2.74371,PV,-0.036,16500000.0,primary,Microspheres Glass Beads Tong,CE
Tong,glass,1.0,8.0,20.0,unfavorable,glass_Tong_1.0um_8mday_20mM_unfav,BTEC,2.9521,PV,-0.023,16500000.0,primary,Microspheres Glass Beads Tong,CE
Tong,glass,1.0,8.0,20.0,unfavorable,glass_Tong_1.0um_8mday_20mM_unfav,BTEC,3.16048,PV,-0.0407,16500000.0,primary,Microspheres Glass Beads Tong,CE
Tong,glass,1.0,8.0,20.0,unfavorable,glass_Tong_1.0um_8mday_20mM_unfav,BTEC,3.47305,PV,-0.0064,16500000.0,primary,Microspheres Glass Beads Tong,CE
Tong,glass,1.0,8.0,20.0,unfavorable,glass_Tong_1.0um_8mday_20mM_unfav,BTEC,3.68144,PV,-0.0339,16500000.0,primary,Microspheres Glass Beads Tong,CE
Tong,glass,1.0,8.0,20.0,unfavorable,glass_Tong_1.0um_8mday_20mM_unfav,BTEC,3.7509,PV,-0.0325,16500000.0,primary,Microspheres Glass Beads Tong,CE
Tong,glass,1.0,8.0,20.0,unfavorable,glass_Tong_1.0um_8mday_20mM_unfav,BTEC,3.82036,PV,-0.0564,16500000.0,primary,Microspheres Glass Beads Tong,CE
Tong,glass,1.0,8.0,20.0,unfavorable,glass_Tong_1.0um_8mday_20mM_unfav,BTEC,3.88982,PV,-0.0513,16500000.0,primary,Microspheres Glass Beads Tong,CE
Tong,glass,1.0,8.0,20.0,unfavorable,glass_Tong_1.0um_8mday_20mM_unfav,BTEC,3.95928,PV,-0.0807,16500000.0,primary,Microspheres Glass Beads Tong,CE
Tong,glass,1.0,8.0,20.0,unfavorable,glass_Tong_1.0um_8mday_20mM_unfav,BTEC,4.02874,PV,-0.1481,16500000.0,primary,Microspheres Glass Beads Tong,CE
Tong,glass,1.0,8.0,20.0,unfavorable,glass_Tong_1.0um_8mday_20mM_unfav,BTEC,4.0982,PV,-0.4083,16500000.0,primary,Microspheres Glass Beads Tong,CE
Tong,glass,1.0,8.0,20.0,unfavorable,glass_Tong_1.0um_8mday_20mM_unfav,BTEC,4.27186,PV,-1.0674,16500000.0,primary,Microspheres Glass Beads Tong,CE
Tong,glass,1.0,8.0,20.0,unfavorable,glass_Tong_1.0um_8mday_20mM_unfav,BTEC,4.68862,PV,-1.8954,16500000.0,primary,Microspheres Glass Beads Tong,CE
Tong,glass,1.0,8.0,20.0,unfavorable,glass_Tong_1.0um_8mday_20mM_unfav,BTEC,5.52216,PV,-2.1525,16500000.0,primary,Microspheres Glass Beads Tong,CE
Tong,glass,1.0,8.0,20.0,unfavorable,glass_Tong_1.0um_8mday_20mM_unfav,BTEC,6.35569,PV,-2.2943,16500000.0,primary,Microspheres Glass Beads Tong,CE
Tong,glass,1.0,8.0,20.0,unfavorable,glass_Tong_1.0um_8mday_20mM_unfav,BTEC,7.18922,PV,-2.4356,16500000.0,primary,Microspheres Glass Beads Tong,CE
Tong,glass,1.0,8.0,20.0,unfavorable,glass_Tong_1.0um_8mday_20mM_unfav,BTEC,8.02275,PV,-2.4562,16500000.0,primary,Microspheres Glass Beads Tong,CE
Tong,glass,1.0,8.0,20.0,unfavorable,glass_Tong_1.0um_8mday_20mM_unfav,BTEC,9.06467,PV,-2.5392,16500000.0,primary,Microspheres Glass Beads Tong,CE
Tong,glass,1.0,8.0,20.0,unfavorable,glass_Tong_1.0um_8mday_20mM_unfav,BTEC,9.8982,PV,-2.5944,16500000.0,primary,Microspheres Glass Beads Tong,CE
Tong,glass,1.0,8.0,20.0,unfavorable,glass_Tong_1.0um_8mday_20mM_unfav,RP,0.01099,distance_m,8.2728,16500000.0,primary,Microspheres Glass Beads Tong,CE
Tong,glass,1.0,8.0,20.0,unfavorable,glass_Tong_1.0um_8mday_20mM_unfav,RP,0.03122,distance_m,7.6864,16500000.0,primary,Microspheres Glass Beads Tong,CE
Tong,glass,1.0,8.0,20.0,unfavorable,glass_Tong_1.0um_8mday_20mM_unfav,RP,0.05165,distance_m,7.3182,16500000.0,primary,Microspheres Glass Beads Tong,CE
Tong,glass,1.0,8.0,20.0,unfavorable,glass_Tong_1.0um_8mday_20mM_unfav,RP,0.06994,distance_m,7.1245,16500000.0,primary,Microspheres Glass Beads Tong,CE
Tong,glass,1.0,8.0,20.0,unfavorable,glass_Tong_1.0um_8mday_20mM_unfav,RP,0.08797,distance_m,7.012,16500000.0,primary,Microspheres Glass Beads Tong,CE
Tong,glass,1.0,8.0,20.0,unfavorable,glass_Tong_1.0um_8mday_20mM_unfav,RP,0.10724,distance_m,6.9602,16500000.0,primary,Microspheres Glass Beads Tong,CE
Tong,glass,1.0,8.0,20.0,unfavorable,glass_Tong_1.0um_8mday_20mM_unfav,RP,0.12819,distance_m,6.956,16500000.0,primary,Microspheres Glass Beads Tong,CE
Tong,glass,1.0,8.0,20.0,unfavorable,glass_Tong_1.0um_8mday_20mM_unfav,RP,0.14831,distance_m,6.9147,16500000.0,primary,Microspheres Glass Beads Tong,CE
Tong,glass,1.0,8.0,20.0,unfavorable,glass_Tong_1.0um_8mday_20mM_unfav,RP,0.1693,distance_m,6.8512,16500000.0,primary,Microspheres Glass Beads Tong,CE
Tong,glass,1.0,8.0,20.0,unfavorable,glass_Tong_1.0um_8mday_20mM_unfav,RP,0.18901,distance_m,6.8362,16500000.0,primary,Microspheres Glass Beads Tong,CE
Tong,glass,2.0,8.0,20.0,unfavorable,glass_Tong_2.0um_8mday_20mM_unfav,BTEC,0.7988,PV,-1.9859,665000.0,primary,Microspheres Glass Beads Tong,CI
Tong,glass,2.0,8.0,20.0,unfavorable,glass_Tong_2.0um_8mday_20mM_unfav,BTEC,1.14611,PV,-0.3472,665000.0,primary,Microspheres Glass Beads Tong,CI
Tong,glass,2.0,8.0,20.0,unfavorable,glass_Tong_2.0um_8mday_20mM_unfav,BTEC,1.49341,PV,-0.0733,665000.0,primary,Microspheres Glass Beads Tong,CI
Tong,glass,2.0,8.0,20.0,unfavorable,glass_Tong_2.0um_8mday_20mM_unfav,BTEC,1.84072,PV,-0.0571,665000.0,primary,Microspheres Glass Beads Tong,CI
Tong,glass,2.0,8.0,20.0,unfavorable,glass_Tong_2.0um_8mday_20mM_unfav,BTEC,2.18802,PV,-0.1377,665000.0,primary,Microspheres Glass Beads Tong,CI
Tong,glass,2.0,8.0,20.0,unfavorable,glass_Tong_2.0um_8mday_20mM_unfav,BTEC,2.53533,PV,-0.1255,665000.0,primary,Microspheres Glass Beads Tong,CI
Tong,glass,2.0,8.0,20.0,unfavorable,glass_Tong_2.0um_8mday_20mM_unfav,BTEC,2.88263,PV,-0.1667,665000.0,primary,Microspheres Glass Beads Tong,CI
Tong,glass,2.0,8.0,20.0,unfavorable,glass_Tong_2.0um_8mday_20mM_unfav,BTEC,3.22994,PV,-0.0909,665000.0,primary,Microspheres Glass Beads Tong,CI
Tong,glass,2.0,8.0,20.0,unfavorable,glass_Tong_2.0um_8mday_20mM_unfav,BTEC,3.7509,PV,-0.1353,665000.0,primary,Microspheres Glass Beads Tong,CI
Tong,glass,2.0,8.0,20.0,unfavorable,glass_Tong_2.0um_8mday_20mM_unfav,BTEC,3.88982,PV,-0.2976,665000.0,primary,Microspheres Glass Beads Tong,CI
Tong,glass,2.0,8.0,20.0,unfavorable,glass_Tong_2.0um_8mday_20mM_unfav,BTEC,3.95928,PV,-0.4362,665000.0,primary,Microspheres Glass Beads Tong,CI
Tong,glass,2.0,8.0,20.0,unfavorable,glass_Tong_2.0um_8mday_20mM_unfav,BTEC,4.02874,PV,-0.7436,665000.0,primary,Microspheres Glass Beads Tong,CI
Tong,glass,2.0,8.0,20.0,unfavorable,glass_Tong_2.0um_8mday_20mM_unfav,BTEC,4.0982,PV,-0.8845,665000.0,primary,Microspheres Glass Beads Tong,CI
Tong,glass,2.0,8.0,20.0,unfavorable,glass_Tong_2.0um_8mday_20mM_unfav,BTEC,4.16766,PV,-1.1642,665000.0,primary,Microspheres Glass Beads Tong,CI
Tong,glass,2.0,8.0,20.0,unfavorable,glass_Tong_2.0um_8mday_20mM_unfav,BTEC,4.27186,PV,-1.5274,665000.0,primary,Microspheres Glass Beads Tong,CI
Tong,glass,2.0,8.0,20.0,unfavorable,glass_Tong_2.0um_8mday_20mM_unfav,BTEC,4.68862,PV,-1.877,665000.0,primary,Microspheres Glass Beads Tong,CI
Tong,glass,2.0,8.0,20.0,unfavorable,glass_Tong_2.0um_8mday_20mM_unfav,BTEC,5.52216,PV,-2.1906,665000.0,primary,Microspheres Glass Beads Tong,CI
Tong,glass,2.0,8.0,20.0,unfavorable,glass_Tong_2.0um_8mday_20mM_unfav,BTEC,6.35569,PV,-2.2482,665000.0,primary,Microspheres Glass Beads Tong,CI
Tong,glass,2.0,8.0,20.0,unfavorable,glass_Tong_2.0um_8mday_20mM_unfav,BTEC,7.18922,PV,-2.4962,665000.0,primary,Microspheres Glass Beads Tong,CI
Tong,glass,2.0,8.0,20.0,unfavorable,glass_Tong_2.0um_8mday_20mM_unfav,BTEC,8.02275,PV,-2.5909,665000.0,primary,Microspheres Glass Beads Tong,CI
Tong,glass,2.0,8.0,20.0,unfavorable,glass_Tong_2.0um_8mday_20mM_unfav,BTEC,9.13413,PV,-2.6043,665000.0,primary,Microspheres Glass Beads Tong,CI
Tong,glass,2.0,8.0,20.0,unfavorable,glass_Tong_2.0um_8mday_20mM_unfav,BTEC,9.8982,PV,-2.5909,665000.0,primary,Microspheres Glass Beads Tong,CI
Tong,glass,2.0,8.0,20.0,unfavorable,glass_Tong_2.0um_8mday_20mM_unfav,RP,0.01068,distance_m,6.9755,665000.0,primary,Microspheres Glass Beads Tong,CI
Tong,glass,2.0,8.0,20.0,unfavorable,glass_Tong_2.0um_8mday_20mM_unfav,RP,0.0319,distance_m,6.8112,665000.0,primary,Microspheres Glass Beads Tong,CI
Tong,glass,2.0,8.0,20.0,unfavorable,glass_Tong_2.0um_8mday_20mM_unfav,RP,0.05057,distance_m,6.6203,665000.0,primary,Microspheres Glass Beads Tong,CI
Tong,glass,2.0,8.0,20.0,unfavorable,glass_Tong_2.0um_8mday_20mM_unfav,RP,0.06983,distance_m,6.5766,665000.0,primary,Microspheres Glass Beads Tong,CI
Tong,glass,2.0,8.0,20.0,unfavorable,glass_Tong_2.0um_8mday_20mM_unfav,RP,0.09017,distance_m,6.5019,665000.0,primary,Microspheres Glass Beads Tong,CI
Tong,glass,2.0,8.0,20.0,unfavorable,glass_Tong_2.0um_8mday_20mM_unfav,RP,0.10956,distance_m,6.565,665000.0,primary,Microspheres Glass Beads Tong,CI
Tong,glass,2.0,8.0,20.0,unfavorable,glass_Tong_2.0um_8mday_20mM_unfav,RP,0.12865,distance_m,6.4731,665000.0,primary,Microspheres Glass Beads Tong,CI
Tong,glass,2.0,8.0,20.0,unfavorable,glass_Tong_2.0um_8mday_20mM_unfav,RP,0.1482,distance_m,6.5168,665000.0,primary,Microspheres Glass Beads Tong,CI
Tong,glass,2.0,8.0,20.0,unfavorable,glass_Tong_2.0um_8mday_20mM_unfav,RP,0.16953,distance_m,6.4984,665000.0,primary,Microspheres Glass Beads Tong,CI
Tong,glass,2.0,8.0,20.0,unfavorable,glass_Tong_2.0um_8mday_20mM_unfav,RP,0.18932,distance_m,6.484,665000.0,primary,Microspheres Glass Beads Tong,CI
Tong,glass,2.0,8.0,20.0,unfavorable,glass_Tong_2.0um_8mday_20mM_unfav,BTEC,0.69461,PV,-3.7084,237000.0,primary,Microspheres Glass Beads Tong,CO
Tong,glass,2.0,8.0,20.0,unfavorable,glass_Tong_2.0um_8mday_20mM_unfav,BTEC,0.83353,PV,-2.1265,237000.0,primary,Microspheres Glass Beads Tong,CO
Tong,glass,2.0,8.0,20.0,unfavorable,glass_Tong_2.0um_8mday_20mM_unfav,BTEC,0.97246,PV,-0.8029,237000.0,primary,Microspheres Glass Beads Tong,CO
Tong,glass,2.0,8.0,20.0,unfavorable,glass_Tong_2.0um_8mday_20mM_unfav,BTEC,1.04192,PV,-0.6256,237000.0,primary,Microspheres Glass Beads Tong,CO
Tong,glass,2.0,8.0,20.0,unfavorable,glass_Tong_2.0um_8mday_20mM_unfav,BTEC,1.14611,PV,-0.452,237000.0,primary,Microspheres Glass Beads Tong,CO
Tong,glass,2.0,8.0,20.0,unfavorable,glass_Tong_2.0um_8mday_20mM_unfav,BTEC,1.35449,PV,-0.3057,237000.0,primary,Microspheres Glass Beads Tong,CO
Tong,glass,2.0,8.0,20.0,unfavorable,glass_Tong_2.0um_8mday_20mM_unfav,BTEC,1.56287,PV,-0.0797,237000.0,primary,Microspheres Glass Beads Tong,CO
Tong,glass,2.0,8.0,20.0,unfavorable,glass_Tong_2.0um_8mday_20mM_unfav,BTEC,1.97964,PV,-0.1016,237000.0,primary,Microspheres Glass Beads Tong,CO
Tong,glass,2.0,8.0,20.0,unfavorable,glass_Tong_2.0um_8mday_20mM_unfav,BTEC,2.39641,PV,-0.0865,237000.0,primary,Microspheres Glass Beads Tong,CO
Tong,glass,2.0,8.0,20.0,unfavorable,glass_Tong_2.0um_8mday_20mM_unfav,BTEC,2.81317,PV,-0.1395,237000.0,primary,Microspheres Glass Beads Tong,CO
Tong,glass,2.0,8.0,20.0,unfavorable,glass_Tong_2.0um_8mday_20mM_unfav,BTEC,3.02156,PV,-0.1619,237000.0,primary,Microspheres Glass Beads Tong,CO
Tong,glass,2.0,8.0,20.0,unfavorable,glass_Tong_2.0um_8mday_20mM_unfav,BTEC,3.22994,PV,-0.2022,237000.0,primary,Microspheres Glass Beads Tong,CO
Tong,glass,2.0,8.0,20.0,unfavorable,glass_Tong_2.0um_8mday_20mM_unfav,BTEC,3.54251,PV,-0.1901,237000.0,primary,Microspheres Glass Beads Tong,CO
Tong,glass,2.0,8.0,20.0,unfavorable,glass_Tong_2.0um_8mday_20mM_unfav,BTEC,3.82036,PV,-0.2682,237000.0,primary,Microspheres Glass Beads Tong,CO
Tong,glass,2.0,8.0,20.0,unfavorable,glass_Tong_2.0um_8mday_20mM_unfav,BTEC,3.95928,PV,-0.3983,237000.0,primary,Microspheres Glass Beads Tong,CO
Tong,glass,2.0,8.0,20.0,unfavorable,glass_Tong_2.0um_8mday_20mM_unfav,BTEC,4.02874,PV,-0.4338,237000.0,primary,Microspheres Glass Beads Tong,CO
Tong,glass,2.0,8.0,20.0,unfavorable,glass_Tong_2.0um_8mday_20mM_unfav,BTEC,4.0982,PV,-0.4784,237000.0,primary,Microspheres Glass Beads Tong,CO
Tong,glass,2.0,8.0,20.0,unfavorable,glass_Tong_2.0um_8mday_20mM_unfav,BTEC,4.16766,PV,-0.621,237000.0,primary,Microspheres Glass Beads Tong,CO
Tong,glass,2.0,8.0,20.0,unfavorable,glass_Tong_2.0um_8mday_20mM_unfav,BTEC,4.27186,PV,-0.6889,237000.0,primary,Microspheres Glass Beads Tong,CO
Tong,glass,2.0,8.0,20.0,unfavorable,glass_Tong_2.0um_8mday_20mM_unfav,BTEC,4.68862,PV,-1.5957,237000.0,primary,Microspheres Glass Beads Tong,CO
Tong,glass,2.0,8.0,20.0,unfavorable,glass_Tong_2.0um_8mday_20mM_unfav,BTEC,5.52216,PV,-1.9359,237000.0,primary,Microspheres Glass Beads Tong,CO
Tong,glass,2.0,8.0,20.0,unfavorable,glass_Tong_2.0um_8mday_20mM_unfav,BTEC,6.35569,PV,-2.5245,237000.0,primary,Microspheres Glass Beads Tong,CO
Tong,glass,2.0,8.0,20.0,unfavorable,glass_Tong_2.0um_8mday_20mM_unfav,BTEC,7.18922,PV,-2.6755,237000.0,primary,Microspheres Glass Beads Tong,CO
Tong,glass,2.0,8.0,20.0,unfavorable,glass_Tong_2.0um_8mday_20mM_unfav,BTEC,8.02275,PV,-2.6327,237000.0,primary,Microspheres Glass Beads Tong,CO
Tong,glass,2.0,8.0,20.0,unfavorable,glass_Tong_2.0um_8mday_20mM_unfav,BTEC,9.13413,PV,-2.7227,237000.0,primary,Microspheres Glass Beads Tong,CO
Tong,glass,2.0,8.0,20.0,unfavorable,glass_Tong_2.0um_8mday_20mM_unfav,BTEC,9.8982,PV,-2.7756,237000.0,primary,Microspheres Glass Beads Tong,CO
Tong,glass,2.0,8.0,20.0,unfavorable,glass_Tong_2.0um_8mday_20mM_unfav,RP,0.01129,distance_m,6.3917,237000.0,primary,Microspheres Glass Beads Tong,CO
Tong,glass,2.0,8.0,20.0,unfavorable,glass_Tong_2.0um_8mday_20mM_unfav,RP,0.03198,distance_m,6.2858,237000.0,primary,Microspheres Glass Beads Tong,CO
Tong,glass,2.0,8.0,20.0,unfavorable,glass_Tong_2.0um_8mday_20mM_unfav,RP,0.05196,distance_m,6.1085,237000.0,primary,Microspheres Glass Beads Tong,CO
Tong,glass,2.0,8.0,20.0,unfavorable,glass_Tong_2.0um_8mday_20mM_unfav,RP,0.07117,distance_m,5.8637,237000.0,primary,Microspheres Glass Beads Tong,CO
Tong,glass,2.0,8.0,20.0,unfavorable,glass_Tong_2.0um_8mday_20mM_unfav,RP,0.09128,distance_m,5.7049,237000.0,primary,Microspheres Glass Beads Tong,CO
Tong,glass,2.0,8.0,20.0,unfavorable,glass_Tong_2.0um_8mday_20mM_unfav,RP,0.1114,distance_m,5.8347,237000.0,primary,Microspheres Glass Beads Tong,CO
Tong,glass,2.0,8.0,20.0,unfavorable,glass_Tong_2.0um_8mday_20mM_unfav,RP,0.13024,distance_m,5.6388,237000.0,primary,Microspheres Glass Beads Tong,CO
Tong,glass,2.0,8.0,20.0,unfavorable,glass_Tong_2.0um_8mday_20mM_unfav,RP,0.14979,distance_m,5.6528,237000.0,primary,Microspheres Glass Beads Tong,CO
Tong,glass,2.0,8.0,20.0,unfavorable,glass_Tong_2.0um_8mday_20mM_unfav,RP,0.17005,distance_m,5.7784,237000.0,primary,Microspheres Glass Beads Tong,CO
Tong,glass,2.0,8.0,20.0,unfavorable,glass_Tong_2.0um_8mday_20mM_unfav,RP,0.18871,distance_m,5.72,237000.0,primary,Microspheres Glass Beads Tong,CO
Tong,glass,2.0,8.0,50.0,favorable,glass_Tong_2.0um_8mday_50mM_favor,BTEC,0.69461,PV,-3.679,1157000.0,primary,Microspheres Glass Beads Tong,CS
Tong,glass,2.0,8.0,50.0,favorable,glass_Tong_2.0um_8mday_50mM_favor,BTEC,0.83353,PV,-3.9091,1157000.0,primary,Microspheres Glass Beads Tong,CS
Tong,glass,2.0,8.0,50.0,favorable,glass_Tong_2.0um_8mday_50mM_favor,BTEC,0.97246,PV,-2.505,1157000.0,primary,Microspheres Glass Beads Tong,CS
Tong,glass,2.0,8.0,50.0,favorable,glass_Tong_2.0um_8mday_50mM_favor,BTEC,1.04192,PV,-2.0387,1157000.0,primary,Microspheres Glass Beads Tong,CS
Tong,glass,2.0,8.0,50.0,favorable,glass_Tong_2.0um_8mday_50mM_favor,BTEC,1.14611,PV,-1.8982,1157000.0,primary,Microspheres Glass Beads Tong,CS
Tong,glass,2.0,8.0,50.0,favorable,glass_Tong_2.0um_8mday_50mM_favor,BTEC,1.35449,PV,-1.6881,1157000.0,primary,Microspheres Glass Beads Tong,CS
Tong,glass,2.0,8.0,50.0,favorable,glass_Tong_2.0um_8mday_50mM_favor,BTEC,1.56287,PV,-1.6023,1157000.0,primary,Microspheres Glass Beads Tong,CS
Tong,glass,2.0,8.0,50.0,favorable,glass_Tong_2.0um_8mday_50mM_favor,BTEC,1.97964,PV,-1.6575,1157000.0,primary,Microspheres Glass Beads Tong,CS
Tong,glass,2.0,8.0,50.0,favorable,glass_Tong_2.0um_8mday_50mM_favor,BTEC,2.39641,PV,-1.6076,1157000.0,primary,Microspheres Glass Beads Tong,CS
Tong,glass,2.0,8.0,50.0,favorable,glass_Tong_2.0um_8mday_50mM_favor,BTEC,2.81317,PV,-1.6128,1157000.0,primary,Microspheres Glass Beads Tong,CS
Tong,glass,2.0,8.0,50.0,favorable,glass_Tong_2.0um_8mday_50mM_favor,BTEC,3.02156,PV,-1.6383,1157000.0,primary,Microspheres Glass Beads Tong,CS
Tong,glass,2.0,8.0,50.0,favorable,glass_Tong_2.0um_8mday_50mM_favor,BTEC,3.22994,PV,-1.7517,1157000.0,primary,Microspheres Glass Beads Tong,CS
Tong,glass,2.0,8.0,50.0,favorable,glass_Tong_2.0um_8mday_50mM_favor,BTEC,3.54251,PV,-1.7761,1157000.0,primary,Microspheres Glass Beads Tong,CS
Tong,glass,2.0,8.0,50.0,favorable,glass_Tong_2.0um_8mday_50mM_favor,BTEC,3.7509,PV,-1.7441,1157000.0,primary,Microspheres Glass Beads Tong,CS
Tong,glass,2.0,8.0,50.0,favorable,glass_Tong_2.0um_8mday_50mM_favor,BTEC,3.82036,PV,-1.8448,1157000.0,primary,Microspheres Glass Beads Tong,CS
Tong,glass,2.0,8.0,50.0,favorable,glass_Tong_2.0um_8mday_50mM_favor,BTEC,3.88982,PV,-1.7515,1157000.0,primary,Microspheres Glass Beads Tong,CS
Tong,glass,2.0,8.0,50.0,favorable,glass_Tong_2.0um_8mday_50mM_favor,BTEC,3.95928,PV,-1.8621,1157000.0,primary,Microspheres Glass Beads Tong,CS
Tong,glass,2.0,8.0,50.0,favorable,glass_Tong_2.0um_8mday_50mM_favor,BTEC,4.02874,PV,-2.0961,1157000.0,primary,Microspheres Glass Beads Tong,CS
Tong,glass,2.0,8.0,50.0,favorable,glass_Tong_2.0um_8mday_50mM_favor,BTEC,4.0982,PV,-2.6106,1157000.0,primary,Microspheres Glass Beads Tong,CS
Tong,glass,2.0,8.0,50.0,favorable,glass_Tong_2.0um_8mday_50mM_favor,BTEC,4.27186,PV,-3.8161,1157000.0,primary,Microspheres Glass Beads Tong,CS
Tong,glass,2.0,8.0,50.0,favorable,glass_Tong_2.0um_8mday_50mM_favor,BTEC,4.68862,PV,-4.0868,1157000.0,primary,Microspheres Glass Beads Tong,CS
Tong,glass,2.0,8.0,50.0,favorable,glass_Tong_2.0um_8mday_50mM_favor,BTEC,5.52216,PV,-4.0131,1157000.0,primary,Microspheres Glass Beads Tong,CS
Tong,glass,2.0,8.0,50.0,favorable,glass_Tong_2.0um_8mday_50mM_favor,BTEC,6.35569,PV,-4.0684,1157000.0,primary,Microspheres Glass Beads Tong,CS
Tong,glass,2.0,8.0,50.0,favorable,glass_Tong_2.0um_8mday_50mM_favor,BTEC,7.18922,PV,-3.9905,1157000.0,primary,Microspheres Glass Beads Tong,CS
Tong,glass,2.0,8.0,50.0,favorable,glass_Tong_2.0um_8mday_50mM_favor,BTEC,8.02275,PV,-3.8043,1157000.0,primary,Microspheres Glass Beads Tong,CS
Tong,glass,2.0,8.0,50.0,favorable,glass_Tong_2.0um_8mday_50mM_favor,BTEC,9.06467,PV,-4.0072,1157000.0,primary,Microspheres Glass Beads Tong,CS
Tong,glass,2.0,8.0,50.0,favorable,glass_Tong_2.0um_8mday_50mM_favor,BTEC,9.8982,PV,-3.981,1157000.0,primary,Microspheres Glass Beads Tong,CS
Tong,glass,2.0,8.0,50.0,favorable,glass_Tong_2.0um_8mday_50mM_favor,RP,0.00974,distance_m,7.7258,1157000.0,primary,Microspheres Glass Beads Tong,CS
Tong,glass,2.0,8.0,50.0,favorable,glass_Tong_2.0um_8mday_50mM_favor,RP,0.02815,distance_m,7.5137,1157000.0,primary,Microspheres Glass Beads Tong,CS
Tong,glass,2.0,8.0,50.0,favorable,glass_Tong_2.0um_8mday_50mM_favor,RP,0.04834,distance_m,7.4812,1157000.0,primary,Microspheres Glass Beads Tong,CS
Tong,glass,2.0,8.0,50.0,favorable,glass_Tong_2.0um_8mday_50mM_favor,RP,0.06842,distance_m,7.3929,1157000.0,primary,Microspheres Glass Beads Tong,CS
Tong,glass,2.0,8.0,50.0,favorable,glass_Tong_2.0um_8mday_50mM_favor,RP,0.08832,distance_m,7.3135,1157000.0,primary,Microspheres Glass Beads Tong,CS
Tong,glass,2.0,8.0,50.0,favorable,glass_Tong_2.0um_8mday_50mM_favor,RP,0.10818,distance_m,7.1553,1157000.0,primary,Microspheres Glass Beads Tong,CS
Tong,glass,2.0,8.0,50.0,favorable,glass_Tong_2.0um_8mday_50mM_favor,RP,0.12785,distance_m,7.1397,1157000.0,primary,Microspheres Glass Beads Tong,CS
Tong,glass,2.0,8.0,50.0,favorable,glass_Tong_2.0um_8mday_50mM_favor,RP,0.14825,distance_m,7.0498,1157000.0,primary,Microspheres Glass Beads Tong,CS
Tong,glass,2.0,8.0,50.0,favorable,glass_Tong_2.0um_8mday_50mM_favor,RP,0.16805,distance_m,6.8726,1157000.0,primary,Microspheres Glass Beads Tong,CS
Tong,glass,2.0,8.0,50.0,favorable,glass_Tong_2.0um_8mday_50mM_favor,RP,0.18808,distance_m,6.7672,1157000.0,primary,Microspheres Glass Beads Tong,CS
Tong,glass,2.0,8.0,50.0,unfavorable,glass_Tong_2.0um_8mday_50mM_unfav,BTEC,0.69461,PV,-3.4076,336000.0,primary,Microspheres Glass Beads Tong,CV
Tong,glass,2.0,8.0,50.0,unfavorable,glass_Tong_2.0um_8mday_50mM_unfav,BTEC,0.83353,PV,-3.4076,336000.0,primary,Microspheres Glass Beads Tong,CV
Tong,glass,2.0,8.0,50.0,unfavorable,glass_Tong_2.0um_8mday_50mM_unfav,BTEC,0.97246,PV,-1.6901,336000.0,primary,Microspheres Glass Beads Tong,CV
Tong,glass,2.0,8.0,50.0,unfavorable,glass_Tong_2.0um_8mday_50mM_unfav,BTEC,1.04192,PV,-0.9016,336000.0,primary,Microspheres Glass Beads Tong,CV
Tong,glass,2.0,8.0,50.0,unfavorable,glass_Tong_2.0um_8mday_50mM_unfav,BTEC,1.14611,PV,-0.1398,336000.0,primary,Microspheres Glass Beads Tong,CV
Tong,glass,2.0,8.0,50.0,unfavorable,glass_Tong_2.0um_8mday_50mM_unfav,BTEC,1.35449,PV,-0.1731,336000.0,primary,Microspheres Glass Beads Tong,CV
Tong,glass,2.0,8.0,50.0,unfavorable,glass_Tong_2.0um_8mday_50mM_unfav,BTEC,1.56287,PV,-0.219,336000.0,primary,Microspheres Glass Beads Tong,CV
Tong,glass,2.0,8.0,50.0,unfavorable,glass_Tong_2.0um_8mday_50mM_unfav,BTEC,1.97964,PV,-0.2096,336000.0,primary,Microspheres Glass Beads Tong,CV
Tong,glass,2.0,8.0,50.0,unfavorable,glass_Tong_2.0um_8mday_50mM_unfav,BTEC,2.39641,PV,-0.1812,336000.0,primary,Microspheres Glass Beads Tong,CV
Tong,glass,2.0,8.0,50.0,unfavorable,glass_Tong_2.0um_8mday_50mM_unfav,BTEC,2.81317,PV,-0.0556,336000.0,primary,Microspheres Glass Beads Tong,CV
Tong,glass,2.0,8.0,50.0,unfavorable,glass_Tong_2.0um_8mday_50mM_unfav,BTEC,3.02156,PV,-0.0641,336000.0,primary,Microspheres Glass Beads Tong,CV
Tong,glass,2.0,8.0,50.0,unfavorable,glass_Tong_2.0um_8mday_50mM_unfav,BTEC,3.22994,PV,-0.1167,336000.0,primary,Microspheres Glass Beads Tong,CV
Tong,glass,2.0,8.0,50.0,unfavorable,glass_Tong_2.0um_8mday_50mM_unfav,BTEC,3.54251,PV,-0.1738,336000.0,primary,Microspheres Glass Beads Tong,CV
Tong,glass,2.0,8.0,50.0,unfavorable,glass_Tong_2.0um_8mday_50mM_unfav,BTEC,3.7509,PV,-0.1687,336000.0,primary,Microspheres Glass Beads Tong,CV
Tong,glass,2.0,8.0,50.0,unfavorable,glass_Tong_2.0um_8mday_50mM_unfav,BTEC,3.82036,PV,-0.5824,336000.0,primary,Microspheres Glass Beads Tong,CV
Tong,glass,2.0,8.0,50.0,unfavorable,glass_Tong_2.0um_8mday_50mM_unfav,BTEC,3.88982,PV,-0.5742,336000.0,primary,Microspheres Glass Beads Tong,CV
Tong,glass,2.0,8.0,50.0,unfavorable,glass_Tong_2.0um_8mday_50mM_unfav,BTEC,3.95928,PV,-0.7814,336000.0,primary,Microspheres Glass Beads Tong,CV
Tong,glass,2.0,8.0,50.0,unfavorable,glass_Tong_2.0um_8mday_50mM_unfav,BTEC,4.02874,PV,-1.0105,336000.0,primary,Microspheres Glass Beads Tong,CV
Tong,glass,2.0,8.0,50.0,unfavorable,glass_Tong_2.0um_8mday_50mM_unfav,BTEC,4.0982,PV,-0.9069,336000.0,primary,Microspheres Glass Beads Tong,CV
Tong,glass,2.0,8.0,50.0,unfavorable,glass_Tong_2.0um_8mday_50mM_unfav,BTEC,4.16766,PV,-2.182,336000.0,primary,Microspheres Glass Beads Tong,CV
Tong,glass,2.0,8.0,50.0,unfavorable,glass_Tong_2.0um_8mday_50mM_unfav,BTEC,4.27186,PV,-1.9363,336000.0,primary,Microspheres Glass Beads Tong,CV
Tong,glass,2.0,8.0,50.0,unfavorable,glass_Tong_2.0um_8mday_50mM_unfav,BTEC,4.68862,PV,-2.9324,336000.0,primary,Microspheres Glass Beads Tong,CV
Tong,glass,2.0,8.0,50.0,unfavorable,glass_Tong_2.0um_8mday_50mM_unfav,BTEC,5.52216,PV,-3.1078,336000.0,primary,Microspheres Glass Beads Tong,CV
Tong,glass,2.0,8.0,50.0,unfavorable,glass_Tong_2.0um_8mday_50mM_unfav,BTEC,6.35569,PV,-2.9324,336000.0,primary,Microspheres Glass Beads Tong,CV
Tong,glass,2.0,8.0,50.0,unfavorable,glass_Tong_2.0um_8mday_50mM_unfav,BTEC,7.18922,PV,-3.1078,336000.0,primary,Microspheres Glass Beads Tong,CV
Tong,glass,2.0,8.0,50.0,unfavorable,glass_Tong_2.0um_8mday_50mM_unfav,BTEC,8.02275,PV,-2.9324,336000.0,primary,Microspheres Glass Beads Tong,CV
Tong,glass,2.0,8.0,50.0,unfavorable,glass_Tong_2.0um_8mday_50mM_unfav,BTEC,9.06467,PV,-2.9324,336000.0,primary,Microspheres Glass Beads Tong,CV
Tong,glass,2.0,8.0,50.0,unfavorable,glass_Tong_2.0um_8mday_50mM_unfav,BTEC,9.8982,PV,-3.3288,336000.0,primary,Microspheres Glass Beads Tong,CV
Tong,glass,2.0,8.0,50.0,unfavorable,glass_Tong_2.0um_8mday_50mM_unfav,RP,0.00757,distance_m,7.0108,336000.0,primary,Microspheres Glass Beads Tong,CV
Tong,glass,2.0,8.0,50.0,unfavorable,glass_Tong_2.0um_8mday_50mM_unfav,RP,0.02638,distance_m,6.7406,336000.0,primary,Microspheres Glass Beads Tong,CV
Tong,glass,2.0,8.0,50.0,unfavorable,glass_Tong_2.0um_8mday_50mM_unfav,RP,0.04661,distance_m,6.6038,336000.0,primary,Microspheres Glass Beads Tong,CV
Tong,glass,2.0,8.0,50.0,unfavorable,glass_Tong_2.0um_8mday_50mM_unfav,RP,0.06706,distance_m,6.3575,336000.0,primary,Microspheres Glass Beads Tong,CV
Tong,glass,2.0,8.0,50.0,unfavorable,glass_Tong_2.0um_8mday_50mM_unfav,RP,0.08738,distance_m,6.2371,336000.0,primary,Microspheres Glass Beads Tong,CV
Tong,glass,2.0,8.0,50.0,unfavorable,glass_Tong_2.0um_8mday_50mM_unfav,RP,0.10849,distance_m,6.1076,336000.0,primary,Microspheres Glass Beads Tong,CV
Tong,glass,2.0,8.0,50.0,unfavorable,glass_Tong_2.0um_8mday_50mM_unfav,RP,0.1284,distance_m,5.928,336000.0,primary,Microspheres Glass Beads Tong,CV
Tong,glass,2.0,8.0,50.0,unfavorable,glass_Tong_2.0um_8mday_50mM_unfav,RP,0.14911,distance_m,6.0313,336000.0,primary,Microspheres Glass Beads Tong,CV
Tong,glass,2.0,8.0,50.0,unfavorable,glass_Tong_2.0um_8mday_50mM_unfav,RP,0.17189,distance_m,5.7966,336000.0,primary,Microspheres Glass Beads Tong,CV
Tong,glass,2.0,8.0,50.0,unfavorable,glass_Tong_2.0um_8mday_50mM_unfav,RP,0.19243,distance_m,5.7373,336000.0,primary,Microspheres Glass Beads Tong,CV
Tong,quartz,0.5,4.0,20.0,unfavorable,quartz_Tong_0.5um_4mday_20mM_unfav,BTEC,0.6988,PV,-4.7902,4930000.0,primary,Microspheres Quartz Sand Tong,B
Tong,quartz,0.5,4.0,20.0,unfavorable,quartz_Tong_0.5um_4mday_20mM_unfav,BTEC,0.83855,PV,-2.5359,4930000.0,primary,Microspheres Quartz Sand Tong,B
Tong,quartz,0.5,4.0,20.0,unfavorable,quartz_Tong_0.5um_4mday_20mM_unfav,BTEC,0.97831,PV,-0.8274,4930000.0,primary,Microspheres Quartz Sand Tong,B
Tong,quartz,0.5,4.0,20.0,unfavorable,quartz_Tong_0.5um_4mday_20mM_unfav,BTEC,1.04819,PV,-0.3727,4930000.0,primary,Microspheres Quartz Sand Tong,B
Tong,quartz,0.5,4.0,20.0,unfavorable,quartz_Tong_0.5um_4mday_20mM_unfav,BTEC,1.25783,PV,-0.1461,4930000.0,primary,Microspheres Quartz Sand Tong,B
Tong,quartz,0.5,4.0,20.0,unfavorable,quartz_Tong_0.5um_4mday_20mM_unfav,BTEC,1.57229,PV,-0.1408,4930000.0,primary,Microspheres Quartz Sand Tong,B
Tong,quartz,0.5,4.0,20.0,unfavorable,quartz_Tong_0.5um_4mday_20mM_unfav,BTEC,1.99157,PV,-0.4281,4930000.0,primary,Microspheres Quartz Sand Tong,B
Tong,quartz,0.5,4.0,20.0,unfavorable,quartz_Tong_0.5um_4mday_20mM_unfav,BTEC,2.41084,PV,-0.2145,4930000.0,primary,Microspheres Quartz Sand Tong,B
Tong,quartz,0.5,4.0,20.0,unfavorable,quartz_Tong_0.5um_4mday_20mM_unfav,BTEC,2.83012,PV,-0.159,4930000.0,primary,Microspheres Quartz Sand Tong,B
Tong,quartz,0.5,4.0,20.0,unfavorable,quartz_Tong_0.5um_4mday_20mM_unfav,BTEC,3.2494,PV,-0.1803,4930000.0,primary,Microspheres Quartz Sand Tong,B
Tong,quartz,0.5,4.0,20.0,unfavorable,quartz_Tong_0.5um_4mday_20mM_unfav,BTEC,3.56386,PV,-0.2067,4930000.0,primary,Microspheres Quartz Sand Tong,B
Tong,quartz,0.5,4.0,20.0,unfavorable,quartz_Tong_0.5um_4mday_20mM_unfav,BTEC,3.91325,PV,-0.2036,4930000.0,primary,Microspheres Quartz Sand Tong,B
Tong,quartz,0.5,4.0,20.0,unfavorable,quartz_Tong_0.5um_4mday_20mM_unfav,BTEC,3.98313,PV,-0.2038,4930000.0,primary,Microspheres Quartz Sand Tong,B
Tong,quartz,0.5,4.0,20.0,unfavorable,quartz_Tong_0.5um_4mday_20mM_unfav,BTEC,4.05301,PV,-0.2784,4930000.0,primary,Microspheres Quartz Sand Tong,B
Tong,quartz,0.5,4.0,20.0,unfavorable,quartz_Tong_0.5um_4mday_20mM_unfav,BTEC,4.19277,PV,-0.5543,4930000.0,primary,Microspheres Quartz Sand Tong,B
Tong,quartz,0.5,4.0,20.0,unfavorable,quartz_Tong_0.5um_4mday_20mM_unfav,BTEC,4.29759,PV,-0.8737,4930000.0,primary,Microspheres Quartz Sand Tong,B
Tong,quartz,0.5,4.0,20.0,unfavorable,quartz_Tong_0.5um_4mday_20mM_unfav,BTEC,4.75181,PV,-1.1642,4930000.0,primary,Microspheres Quartz Sand Tong,B
Tong,quartz,0.5,4.0,20.0,unfavorable,quartz_Tong_0.5um_4mday_20mM_unfav,BTEC,5.13614,PV,-1.3737,4930000.0,primary,Microspheres Quartz Sand Tong,B
Tong,quartz,0.5,4.0,20.0,unfavorable,quartz_Tong_0.5um_4mday_20mM_unfav,BTEC,5.9747,PV,-1.6034,4930000.0,primary,Microspheres Quartz Sand Tong,B
Tong,quartz,0.5,4.0,20.0,unfavorable,quartz_Tong_0.5um_4mday_20mM_unfav,BTEC,6.81325,PV,-1.6463,4930000.0,primary,Microspheres Quartz Sand Tong,B
Tong,quartz,0.5,4.0,20.0,unfavorable,quartz_Tong_0.5um_4mday_20mM_unfav,BTEC,7.65181,PV,-1.7355,4930000.0,primary,Microspheres Quartz Sand Tong,B
Tong,quartz,0.5,4.0,20.0,unfavorable,quartz_Tong_0.5um_4mday_20mM_unfav,BTEC,8.49036,PV,-1.8335,4930000.0,primary,Microspheres Quartz Sand Tong,B
Tong,quartz,0.5,4.0,20.0,unfavorable,quartz_Tong_0.5um_4mday_20mM_unfav,BTEC,9.32892,PV,-1.8204,4930000.0,primary,Microspheres Quartz Sand Tong,B
Tong,quartz,0.5,4.0,20.0,unfavorable,quartz_Tong_0.5um_4mday_20mM_unfav,BTEC,9.95783,PV,-1.9451,4930000.0,primary,Microspheres Quartz Sand Tong,B
Tong,quartz,0.5,4.0,20.0,unfavorable,quartz_Tong_0.5um_4mday_20mM_unfav,RP,0.01008,distance_m,7.7383,4930000.0,primary,Microspheres Quartz Sand Tong,B
Tong,quartz,0.5,4.0,20.0,unfavorable,quartz_Tong_0.5um_4mday_20mM_unfav,RP,0.02879,distance_m,7.7342,4930000.0,primary,Microspheres Quartz Sand Tong,B
Tong,quartz,0.5,4.0,20.0,unfavorable,quartz_Tong_0.5um_4mday_20mM_unfav,RP,0.05021,distance_m,7.7516,4930000.0,primary,Microspheres Quartz Sand Tong,B
Tong,quartz,0.5,4.0,20.0,unfavorable,quartz_Tong_0.5um_4mday_20mM_unfav,RP,0.07044,distance_m,7.7425,4930000.0,primary,Microspheres Quartz Sand Tong,B
Tong,quartz,0.5,4.0,20.0,unfavorable,quartz_Tong_0.5um_4mday_20mM_unfav,RP,0.09044,distance_m,7.6477,4930000.0,primary,Microspheres Quartz Sand Tong,B
Tong,quartz,0.5,4.0,20.0,unfavorable,quartz_Tong_0.5um_4mday_20mM_unfav,RP,0.11111,distance_m,7.6868,4930000.0,primary,Microspheres Quartz Sand Tong,B
Tong,quartz,0.5,4.0,20.0,unfavorable,quartz_Tong_0.5um_4mday_20mM_unfav,RP,0.13237,distance_m,7.6198,4930000.0,primary,Microspheres Quartz Sand Tong,B
Tong,quartz,0.5,4.0,20.0,unfavorable,quartz_Tong_0.5um_4mday_20mM_unfav,RP,0.15321,distance_m,7.5697,4930000.0,primary,Microspheres Quartz Sand Tong,B
Tong,quartz,0.5,4.0,20.0,unfavorable,quartz_Tong_0.5um_4mday_20mM_unfav,RP,0.17174,distance_m,7.5067,4930000.0,primary,Microspheres Quartz Sand Tong,B
Tong,quartz,0.5,4.0,20.0,unfavorable,quartz_Tong_0.5um_4mday_20mM_unfav,RP,0.18992,distance_m,7.5317,4930000.0,primary,Microspheres Quartz Sand Tong,B
Tong,quartz,0.5,4.0,50.0,unfavorable,quartz_Tong_0.5um_4mday_50mM_unfav,BTEC,0.76867,PV,-2.7825,6110000.0,primary,Microspheres Quartz Sand Tong,H
Tong,quartz,0.5,4.0,50.0,unfavorable,quartz_Tong_0.5um_4mday_50mM_unfav,BTEC,0.83855,PV,-2.0785,6110000.0,primary,Microspheres Quartz Sand Tong,H
Tong,quartz,0.5,4.0,50.0,unfavorable,quartz_Tong_0.5um_4mday_50mM_unfav,BTEC,0.97831,PV,-1.0016,6110000.0,primary,Microspheres Quartz Sand Tong,H
Tong,quartz,0.5,4.0,50.0,unfavorable,quartz_Tong_0.5um_4mday_50mM_unfav,BTEC,1.04819,PV,-0.8549,6110000.0,primary,Microspheres Quartz Sand Tong,H
Tong,quartz,0.5,4.0,50.0,unfavorable,quartz_Tong_0.5um_4mday_50mM_unfav,BTEC,1.15301,PV,-0.7676,6110000.0,primary,Microspheres Quartz Sand Tong,H
Tong,quartz,0.5,4.0,50.0,unfavorable,quartz_Tong_0.5um_4mday_50mM_unfav,BTEC,1.25783,PV,-0.873,6110000.0,primary,Microspheres Quartz Sand Tong,H
Tong,quartz,0.5,4.0,50.0,unfavorable,quartz_Tong_0.5um_4mday_50mM_unfav,BTEC,1.57229,PV,-0.8877,6110000.0,primary,Microspheres Quartz Sand Tong,H
Tong,quartz,0.5,4.0,50.0,unfavorable,quartz_Tong_0.5um_4mday_50mM_unfav,BTEC,1.99157,PV,-0.9338,6110000.0,primary,Microspheres Quartz Sand Tong,H
Tong,quartz,0.5,4.0,50.0,unfavorable,quartz_Tong_0.5um_4mday_50mM_unfav,BTEC,2.41084,PV,-1.0687,6110000.0,primary,Microspheres Quartz Sand Tong,H
Tong,quartz,0.5,4.0,50.0,unfavorable,quartz_Tong_0.5um_4mday_50mM_unfav,BTEC,2.83012,PV,-1.0585,6110000.0,primary,Microspheres Quartz Sand Tong,H
Tong,quartz,0.5,4.0,50.0,unfavorable,quartz_Tong_0.5um_4mday_50mM_unfav,BTEC,3.35422,PV,-1.1185,6110000.0,primary,Microspheres Quartz Sand Tong,H
Tong,quartz,0.5,4.0,50.0,unfavorable,quartz_Tong_0.5um_4mday_50mM_unfav,BTEC,3.56386,PV,-1.1191,6110000.0,primary,Microspheres Quartz Sand Tong,H
Tong,quartz,0.5,4.0,50.0,unfavorable,quartz_Tong_0.5um_4mday_50mM_unfav,BTEC,3.77349,PV,-1.159,6110000.0,primary,Microspheres Quartz Sand Tong,H
Tong,quartz,0.5,4.0,50.0,unfavorable,quartz_Tong_0.5um_4mday_50mM_unfav,BTEC,3.91325,PV,-1.5586,6110000.0,primary,Microspheres Quartz Sand Tong,H
Tong,quartz,0.5,4.0,50.0,unfavorable,quartz_Tong_0.5um_4mday_50mM_unfav,BTEC,3.98313,PV,-1.7712,6110000.0,primary,Microspheres Quartz Sand Tong,H
Tong,quartz,0.5,4.0,50.0,unfavorable,quartz_Tong_0.5um_4mday_50mM_unfav,BTEC,4.05301,PV,-1.9209,6110000.0,primary,Microspheres Quartz Sand Tong,H
Tong,quartz,0.5,4.0,50.0,unfavorable,quartz_Tong_0.5um_4mday_50mM_unfav,BTEC,4.19277,PV,-2.1685,6110000.0,primary,Microspheres Quartz Sand Tong,H
Tong,quartz,0.5,4.0,50.0,unfavorable,quartz_Tong_0.5um_4mday_50mM_unfav,BTEC,4.29759,PV,-2.1968,6110000.0,primary,Microspheres Quartz Sand Tong,H
Tong,quartz,0.5,4.0,50.0,unfavorable,quartz_Tong_0.5um_4mday_50mM_unfav,BTEC,4.54217,PV,-2.3532,6110000.0,primary,Microspheres Quartz Sand Tong,H
Tong,quartz,0.5,4.0,50.0,unfavorable,quartz_Tong_0.5um_4mday_50mM_unfav,BTEC,4.85663,PV,-2.4043,6110000.0,primary,Microspheres Quartz Sand Tong,H
Tong,quartz,0.5,4.0,50.0,unfavorable,quartz_Tong_0.5um_4mday_50mM_unfav,BTEC,5.55542,PV,-2.5084,6110000.0,primary,Microspheres Quartz Sand Tong,H
Tong,quartz,0.5,4.0,50.0,unfavorable,quartz_Tong_0.5um_4mday_50mM_unfav,BTEC,5.9747,PV,-2.5911,6110000.0,primary,Microspheres Quartz Sand Tong,H
Tong,quartz,0.5,4.0,50.0,unfavorable,quartz_Tong_0.5um_4mday_50mM_unfav,BTEC,6.81325,PV,-2.7106,6110000.0,primary,Microspheres Quartz Sand Tong,H
Tong,quartz,0.5,4.0,50.0,unfavorable,quartz_Tong_0.5um_4mday_50mM_unfav,BTEC,7.65181,PV,-2.8131,6110000.0,primary,Microspheres Quartz Sand Tong,H
Tong,quartz,0.5,4.0,50.0,unfavorable,quartz_Tong_0.5um_4mday_50mM_unfav,BTEC,8.49036,PV,-2.8904,6110000.0,primary,Microspheres Quartz Sand Tong,H
Tong,quartz,0.5,4.0,50.0,unfavorable,quartz_Tong_0.5um_4mday_50mM_unfav,BTEC,9.32892,PV,-2.8417,6110000.0,primary,Microspheres Quartz Sand Tong,H
Tong,quartz,0.5,4.0,50.0,unfavorable,quartz_Tong_0.5um_4mday_50mM_unfav,BTEC,9.95783,PV,-2.9144,6110000.0,primary,Microspheres Quartz Sand Tong,H
Tong,quartz,0.5,4.0,50.0,unfavorable,quartz_Tong_0.5um_4mday_50mM_unfav,RP,0.01219,distance_m,8.419,6110000.0,primary,Microspheres Quartz Sand Tong,H
Tong,quartz,0.5,4.0,50.0,unfavorable,quartz_Tong_0.5um_4mday_50mM_unfav,RP,0.03471,distance_m,8.3618,6110000.0,primary,Microspheres Quartz Sand Tong,H
Tong,quartz,0.5,4.0,50.0,unfavorable,quartz_Tong_0.5um_4mday_50mM_unfav,RP,0.05307,distance_m,8.1275,6110000.0,primary,Microspheres Quartz Sand Tong,H
Tong,quartz,0.5,4.0,50.0,unfavorable,quartz_Tong_0.5um_4mday_50mM_unfav,RP,0.07187,distance_m,8.0672,6110000.0,primary,Microspheres Quartz Sand Tong,H
Tong,quartz,0.5,4.0,50.0,unfavorable,quartz_Tong_0.5um_4mday_50mM_unfav,RP,0.09105,distance_m,7.977,6110000.0,primary,Microspheres Quartz Sand Tong,H
Tong,quartz,0.5,4.0,50.0,unfavorable,quartz_Tong_0.5um_4mday_50mM_unfav,RP,0.10977,distance_m,7.72,6110000.0,primary,Microspheres Quartz Sand Tong,H
Tong,quartz,0.5,4.0,50.0,unfavorable,quartz_Tong_0.5um_4mday_50mM_unfav,RP,0.12881,distance_m,7.5487,6110000.0,primary,Microspheres Quartz Sand Tong,H
Tong,quartz,0.5,4.0,50.0,unfavorable,quartz_Tong_0.5um_4mday_50mM_unfav,RP,0.14965,distance_m,7.6035,6110000.0,primary,Microspheres Quartz Sand Tong,H
Tong,quartz,0.5,4.0,50.0,unfavorable,quartz_Tong_0.5um_4mday_50mM_unfav,RP,0.16799,distance_m,7.2519,6110000.0,primary,Microspheres Quartz Sand Tong,H
Tong,quartz,0.5,4.0,50.0,unfavorable,quartz_Tong_0.5um_4mday_50mM_unfav,RP,0.18781,distance_m,6.9084,6110000.0,primary,Microspheres Quartz Sand Tong,H
Tong,quartz,0.5,8.0,50.0,favorable,quartz_Tong_0.5um_8mday_50mM_favor,BTEC,0.69461,PV,-4.0939,8200000.0,primary,Microspheres Quartz Sand Tong,O
Tong,quartz,0.5,8.0,50.0,favorable,quartz_Tong_0.5um_8mday_50mM_favor,BTEC,0.83353,PV,-3.5328,8200000.0,primary,Microspheres Quartz Sand Tong,O
Tong,quartz,0.5,8.0,50.0,favorable,quartz_Tong_0.5um_8mday_50mM_favor,BTEC,0.97246,PV,-3.5868,8200000.0,primary,Microspheres Quartz Sand Tong,O
Tong,quartz,0.5,8.0,50.0,favorable,quartz_Tong_0.5um_8mday_50mM_favor,BTEC,1.04192,PV,-3.3062,8200000.0,primary,Microspheres Quartz Sand Tong,O
Tong,quartz,0.5,8.0,50.0,favorable,quartz_Tong_0.5um_8mday_50mM_favor,BTEC,1.14611,PV,-4.0939,8200000.0,primary,Microspheres Quartz Sand Tong,O
Tong,quartz,0.5,8.0,50.0,favorable,quartz_Tong_0.5um_8mday_50mM_favor,BTEC,1.35449,PV,-3.5868,8200000.0,primary,Microspheres Quartz Sand Tong,O
Tong,quartz,0.5,8.0,50.0,favorable,quartz_Tong_0.5um_8mday_50mM_favor,BTEC,1.56287,PV,-3.9298,8200000.0,primary,Microspheres Quartz Sand Tong,O
Tong,quartz,0.5,8.0,50.0,favorable,quartz_Tong_0.5um_8mday_50mM_favor,BTEC,1.97964,PV,-3.5328,8200000.0,primary,Microspheres Quartz Sand Tong,O
Tong,quartz,0.5,8.0,50.0,favorable,quartz_Tong_0.5um_8mday_50mM_favor,BTEC,2.39641,PV,-3.8133,8200000.0,primary,Microspheres Quartz Sand Tong,O
Tong,quartz,0.5,8.0,50.0,favorable,quartz_Tong_0.5um_8mday_50mM_favor,BTEC,2.81317,PV,-4.3744,8200000.0,primary,Microspheres Quartz Sand Tong,O
Tong,quartz,0.5,8.0,50.0,favorable,quartz_Tong_0.5um_8mday_50mM_favor,BTEC,3.02156,PV,-3.6492,8200000.0,primary,Microspheres Quartz Sand Tong,O
Tong,quartz,0.5,8.0,50.0,favorable,quartz_Tong_0.5um_8mday_50mM_favor,BTEC,3.22994,PV,-3.723,8200000.0,primary,Microspheres Quartz Sand Tong,O
Tong,quartz,0.5,8.0,50.0,favorable,quartz_Tong_0.5um_8mday_50mM_favor,BTEC,3.54251,PV,-3.3686,8200000.0,primary,Microspheres Quartz Sand Tong,O
Tong,quartz,0.5,8.0,50.0,favorable,quartz_Tong_0.5um_8mday_50mM_favor,BTEC,3.7509,PV,-3.3686,8200000.0,primary,Microspheres Quartz Sand Tong,O
Tong,quartz,0.5,8.0,50.0,favorable,quartz_Tong_0.5um_8mday_50mM_favor,BTEC,3.82036,PV,-3.4851,8200000.0,primary,Microspheres Quartz Sand Tong,O
Tong,quartz,0.5,8.0,50.0,favorable,quartz_Tong_0.5um_8mday_50mM_favor,BTEC,3.88982,PV,-3.6492,8200000.0,primary,Microspheres Quartz Sand Tong,O
Tong,quartz,0.5,8.0,50.0,favorable,quartz_Tong_0.5um_8mday_50mM_favor,BTEC,3.95928,PV,-3.723,8200000.0,primary,Microspheres Quartz Sand Tong,O
Tong,quartz,0.5,8.0,50.0,favorable,quartz_Tong_0.5um_8mday_50mM_favor,RP,0.01233,distance_m,9.1048,8200000.0,primary,Microspheres Quartz Sand Tong,O
Tong,quartz,0.5,8.0,50.0,favorable,quartz_Tong_0.5um_8mday_50mM_favor,RP,0.03273,distance_m,8.5156,8200000.0,primary,Microspheres Quartz Sand Tong,O
Tong,quartz,0.5,8.0,50.0,favorable,quartz_Tong_0.5um_8mday_50mM_favor,RP,0.05232,distance_m,8.1006,8200000.0,primary,Microspheres Quartz Sand Tong,O
Tong,quartz,0.5,8.0,50.0,favorable,quartz_Tong_0.5um_8mday_50mM_favor,RP,0.07037,distance_m,7.7812,8200000.0,primary,Microspheres Quartz Sand Tong,O
Tong,quartz,0.5,8.0,50.0,favorable,quartz_Tong_0.5um_8mday_50mM_favor,RP,0.08979,distance_m,7.175,8200000.0,primary,Microspheres Quartz Sand Tong,O
Tong,quartz,0.5,8.0,50.0,favorable,quartz_Tong_0.5um_8mday_50mM_favor,RP,0.10803,distance_m,7.0222,8200000.0,primary,Microspheres Quartz Sand Tong,O
Tong,quartz,0.5,8.0,50.0,favorable,quartz_Tong_0.5um_8mday_50mM_favor,RP,0.12815,distance_m,6.6768,8200000.0,primary,Microspheres Quartz Sand Tong,O
Tong,quartz,0.5,8.0,50.0,favorable,quartz_Tong_0.5um_8mday_50mM_favor,RP,0.147,distance_m,6.3422,8200000.0,primary,Microspheres Quartz Sand Tong,O
Tong,quartz,0.5,8.0,50.0,favorable,quartz_Tong_0.5um_8mday_50mM_favor,RP,0.16711,distance_m,5.9311,8200000.0,primary,Microspheres Quartz Sand Tong,O
Tong,quartz,0.5,8.0,50.0,favorable,quartz_Tong_0.5um_8mday_50mM_favor,RP,0.18767,distance_m,5.6468,8200000.0,primary,Microspheres Quartz Sand Tong,O
Tong,quartz,0.5,8.0,50.0,favorable,quartz_Tong_0.5um_8mday_50mM_favor,BTEC_ND,4.68862,PV,-5.301,8200000.0,primary,Microspheres Quartz Sand Tong,O
Tong,quartz,0.5,8.0,50.0,favorable,quartz_Tong_0.5um_8mday_50mM_favor,BTEC_ND,5.52216,PV,-5.301,8200000.0,primary,Microspheres Quartz Sand Tong,O
Tong,quartz,0.5,8.0,50.0,favorable,quartz_Tong_0.5um_8mday_50mM_favor,BTEC_ND,6.35569,PV,-5.301,8200000.0,primary,Microspheres Quartz Sand Tong,O
Tong,quartz,0.5,8.0,50.0,favorable,quartz_Tong_0.5um_8mday_50mM_favor,BTEC_ND,7.18922,PV,-5.301,8200000.0,primary,Microspheres Quartz Sand Tong,O
Tong,quartz,0.5,8.0,50.0,favorable,quartz_Tong_0.5um_8mday_50mM_favor,BTEC_ND,8.02275,PV,-5.301,8200000.0,primary,Microspheres Quartz Sand Tong,O
Tong,quartz,0.5,8.0,50.0,favorable,quartz_Tong_0.5um_8mday_50mM_favor,BTEC_ND,9.06467,PV,-5.301,8200000.0,primary,Microspheres Quartz Sand Tong,O
Tong,quartz,0.5,8.0,50.0,favorable,quartz_Tong_0.5um_8mday_50mM_favor,BTEC_ND,9.8982,PV,-5.301,8200000.0,primary,Microspheres Quartz Sand Tong,O
Tong,quartz,0.5,8.0,50.0,unfavorable,quartz_Tong_0.5um_8mday_50mM_unfav,BTEC,0.69461,PV,-4.0701,8200000.0,primary,Microspheres Quartz Sand Tong,R
Tong,quartz,0.5,8.0,50.0,unfavorable,quartz_Tong_0.5um_8mday_50mM_unfav,BTEC,0.83353,PV,-4.0701,8200000.0,primary,Microspheres Quartz Sand Tong,R
Tong,quartz,0.5,8.0,50.0,unfavorable,quartz_Tong_0.5um_8mday_50mM_unfav,BTEC,0.97246,PV,-2.1675,8200000.0,primary,Microspheres Quartz Sand Tong,R
Tong,quartz,0.5,8.0,50.0,unfavorable,quartz_Tong_0.5um_8mday_50mM_unfav,BTEC,1.04192,PV,-1.9937,8200000.0,primary,Microspheres Quartz Sand Tong,R
Tong,quartz,0.5,8.0,50.0,unfavorable,quartz_Tong_0.5um_8mday_50mM_unfav,BTEC,1.14611,PV,-2.4907,8200000.0,primary,Microspheres Quartz Sand Tong,R
Tong,quartz,0.5,8.0,50.0,unfavorable,quartz_Tong_0.5um_8mday_50mM_unfav,BTEC,1.35449,PV,-2.8678,8200000.0,primary,Microspheres Quartz Sand Tong,R
Tong,quartz,0.5,8.0,50.0,unfavorable,quartz_Tong_0.5um_8mday_50mM_unfav,BTEC,1.56287,PV,-3.3124,8200000.0,primary,Microspheres Quartz Sand Tong,R
Tong,quartz,0.5,8.0,50.0,unfavorable,quartz_Tong_0.5um_8mday_50mM_unfav,BTEC,1.97964,PV,-3.7895,8200000.0,primary,Microspheres Quartz Sand Tong,R
Tong,quartz,0.5,8.0,50.0,unfavorable,quartz_Tong_0.5um_8mday_50mM_unfav,BTEC,2.39641,PV,-4.0701,8200000.0,primary,Microspheres Quartz Sand Tong,R
Tong,quartz,0.5,8.0,50.0,unfavorable,quartz_Tong_0.5um_8mday_50mM_unfav,BTEC,2.81317,PV,-3.7895,8200000.0,primary,Microspheres Quartz Sand Tong,R
Tong,quartz,0.5,8.0,50.0,unfavorable,quartz_Tong_0.5um_8mday_50mM_unfav,BTEC,3.02156,PV,-3.7895,8200000.0,primary,Microspheres Quartz Sand Tong,R
Tong,quartz,0.5,8.0,50.0,unfavorable,quartz_Tong_0.5um_8mday_50mM_unfav,BTEC,3.22994,PV,-3.7895,8200000.0,primary,Microspheres Quartz Sand Tong,R
Tong,quartz,0.5,8.0,50.0,unfavorable,quartz_Tong_0.5um_8mday_50mM_unfav,BTEC,3.54251,PV,-3.563,8200000.0,primary,Microspheres Quartz Sand Tong,R
Tong,quartz,0.5,8.0,50.0,unfavorable,quartz_Tong_0.5um_8mday_50mM_unfav,BTEC,3.7509,PV,-3.7895,8200000.0,primary,Microspheres Quartz Sand Tong,R
Tong,quartz,0.5,8.0,50.0,unfavorable,quartz_Tong_0.5um_8mday_50mM_unfav,BTEC,3.82036,PV,-4.0701,8200000.0,primary,Microspheres Quartz Sand Tong,R
Tong,quartz,0.5,8.0,50.0,unfavorable,quartz_Tong_0.5um_8mday_50mM_unfav,BTEC,3.88982,PV,-3.7895,8200000.0,primary,Microspheres Quartz Sand Tong,R
Tong,quartz,0.5,8.0,50.0,unfavorable,quartz_Tong_0.5um_8mday_50mM_unfav,BTEC,3.95928,PV,-4.0701,8200000.0,primary,Microspheres Quartz Sand Tong,R
Tong,quartz,0.5,8.0,50.0,unfavorable,quartz_Tong_0.5um_8mday_50mM_unfav,BTEC,4.02874,PV,-3.906,8200000.0,primary,Microspheres Quartz Sand Tong,R
Tong,quartz,0.5,8.0,50.0,unfavorable,quartz_Tong_0.5um_8mday_50mM_unfav,BTEC,4.0982,PV,-4.3506,8200000.0,primary,Microspheres Quartz Sand Tong,R
Tong,quartz,0.5,8.0,50.0,unfavorable,quartz_Tong_0.5um_8mday_50mM_unfav,BTEC,4.27186,PV,-4.3506,8200000.0,primary,Microspheres Quartz Sand Tong,R
Tong,quartz,0.5,8.0,50.0,unfavorable,quartz_Tong_0.5um_8mday_50mM_unfav,BTEC,4.68862,PV,-4.3506,8200000.0,primary,Microspheres Quartz Sand Tong,R
Tong,quartz,0.5,8.0,50.0,unfavorable,quartz_Tong_0.5um_8mday_50mM_unfav,BTEC,5.52216,PV,-4.3506,8200000.0,primary,Microspheres Quartz Sand Tong,R
Tong,quartz,0.5,8.0,50.0,unfavorable,quartz_Tong_0.5um_8mday_50mM_unfav,BTEC,6.35569,PV,-4.3506,8200000.0,primary,Microspheres Quartz Sand Tong,R
Tong,quartz,0.5,8.0,50.0,unfavorable,quartz_Tong_0.5um_8mday_50mM_unfav,BTEC,7.18922,PV,-4.0701,8200000.0,primary,Microspheres Quartz Sand Tong,R
Tong,quartz,0.5,8.0,50.0,unfavorable,quartz_Tong_0.5um_8mday_50mM_unfav,BTEC,8.02275,PV,-4.3506,8200000.0,primary,Microspheres Quartz Sand Tong,R
Tong,quartz,0.5,8.0,50.0,unfavorable,quartz_Tong_0.5um_8mday_50mM_unfav,BTEC,9.06467,PV,-4.3506,8200000.0,primary,Microspheres Quartz Sand Tong,R
Tong,quartz,0.5,8.0,50.0,unfavorable,quartz_Tong_0.5um_8mday_50mM_unfav,RP,0.01123,distance_m,9.068,8200000.0,primary,Microspheres Quartz Sand Tong,R
Tong,quartz,0.5,8.0,50.0,unfavorable,quartz_Tong_0.5um_8mday_50mM_unfav,RP,0.03141,distance_m,8.5122,8200000.0,primary,Microspheres Quartz Sand Tong,R
Tong,quartz,0.5,8.0,50.0,unfavorable,quartz_Tong_0.5um_8mday_50mM_unfav,RP,0.05096,distance_m,8.1211,8200000.0,primary,Microspheres Quartz Sand Tong,R
Tong,quartz,0.5,8.0,50.0,unfavorable,quartz_Tong_0.5um_8mday_50mM_unfav,RP,0.07205,distance_m,7.7317,8200000.0,primary,Microspheres Quartz Sand Tong,R
Tong,quartz,0.5,8.0,50.0,unfavorable,quartz_Tong_0.5um_8mday_50mM_unfav,RP,0.0916,distance_m,7.2502,8200000.0,primary,Microspheres Quartz Sand Tong,R
Tong,quartz,0.5,8.0,50.0,unfavorable,quartz_Tong_0.5um_8mday_50mM_unfav,RP,0.11194,distance_m,6.8323,8200000.0,primary,Microspheres Quartz Sand Tong,R
Tong,quartz,0.5,8.0,50.0,unfavorable,quartz_Tong_0.5um_8mday_50mM_unfav,RP,0.13152,distance_m,6.6497,8200000.0,primary,Microspheres Quartz Sand Tong,R
Tong,quartz,0.5,8.0,50.0,unfavorable,quartz_Tong_0.5um_8mday_50mM_unfav,RP,0.15118,distance_m,6.5269,8200000.0,primary,Microspheres Quartz Sand Tong,R
Tong,quartz,0.5,8.0,50.0,unfavorable,quartz_Tong_0.5um_8mday_50mM_unfav,RP,0.17032,distance_m,6.138,8200000.0,primary,Microspheres Quartz Sand Tong,R
Tong,quartz,0.5,8.0,50.0,unfavorable,quartz_Tong_0.5um_8mday_50mM_unfav,RP,0.18877,distance_m,5.9403,8200000.0,primary,Microspheres Quartz Sand Tong,R
Tong,quartz,0.5,8.0,50.0,unfavorable,quartz_Tong_0.5um_8mday_50mM_unfav,BTEC_ND,9.8982,PV,-5.301,8200000.0,primary,Microspheres Quartz Sand Tong,R
Li,glass,0.98,2.0,10.0,favorable,glass_Li_0.98um_2mday_10mM_favor,BTEC,0.2095,PV,-4.9707,13500000.0,primary,Microspheres Glass Beads Li,B
Li,glass,0.98,2.0,10.0,favorable,glass_Li_0.98um_2mday_10mM_favor,BTEC,0.41899,PV,-4.9707,13500000.0,primary,Microspheres Glass Beads Li,B
Li,glass,0.98,2.0,10.0,favorable,glass_Li_0.98um_2mday_10mM_favor,BTEC,0.62849,PV,-4.9707,13500000.0,primary,Microspheres Glass Beads Li,B
Li,glass,0.98,2.0,10.0,favorable,glass_Li_0.98um_2mday_10mM_favor,BTEC,0.69832,PV,-5.3449,13500000.0,primary,Microspheres Glass Beads Li,B
Li,glass,0.98,2.0,10.0,favorable,glass_Li_0.98um_2mday_10mM_favor,BTEC,0.80307,PV,-4.8575,13500000.0,primary,Microspheres Glass Beads Li,B
Li,glass,0.98,2.0,10.0,favorable,glass_Li_0.98um_2mday_10mM_favor,BTEC,0.87291,PV,-3.125,13500000.0,primary,Microspheres Glass Beads Li,B
Li,glass,0.98,2.0,10.0,favorable,glass_Li_0.98um_2mday_10mM_favor,BTEC,0.94274,PV,-2.2119,13500000.0,primary,Microspheres Glass Beads Li,B
Li,glass,0.98,2.0,10.0,favorable,glass_Li_0.98um_2mday_10mM_favor,BTEC,1.01257,PV,-2.2111,13500000.0,primary,Microspheres Glass Beads Li,B
Li,glass,0.98,2.0,10.0,favorable,glass_Li_0.98um_2mday_10mM_favor,BTEC,1.0824,PV,-2.2119,13500000.0,primary,Microspheres Glass Beads Li,B
Li,glass,0.98,2.0,10.0,favorable,glass_Li_0.98um_2mday_10mM_favor,BTEC,1.15223,PV,-2.2583,13500000.0,primary,Microspheres Glass Beads Li,B
Li,glass,0.98,2.0,10.0,favorable,glass_Li_0.98um_2mday_10mM_favor,BTEC,1.36173,PV,-2.3504,13500000.0,primary,Microspheres Glass Beads Li,B
Li,glass,0.98,2.0,10.0,favorable,glass_Li_0.98um_2mday_10mM_favor,BTEC,1.57123,PV,-2.4188,13500000.0,primary,Microspheres Glass Beads Li,B
Li,glass,0.98,2.0,10.0,favorable,glass_Li_0.98um_2mday_10mM_favor,BTEC,1.99022,PV,-2.1596,13500000.0,primary,Microspheres Glass Beads Li,B
Li,glass,0.98,2.0,10.0,favorable,glass_Li_0.98um_2mday_10mM_favor,BTEC,2.40922,PV,-2.385,13500000.0,primary,Microspheres Glass Beads Li,B
Li,glass,0.98,2.0,10.0,favorable,glass_Li_0.98um_2mday_10mM_favor,BTEC,2.82821,PV,-2.5337,13500000.0,primary,Microspheres Glass Beads Li,B
Li,glass,0.98,2.0,10.0,favorable,glass_Li_0.98um_2mday_10mM_favor,BTEC,3.24721,PV,-2.3733,13500000.0,primary,Microspheres Glass Beads Li,B
Li,glass,0.98,2.0,10.0,favorable,glass_Li_0.98um_2mday_10mM_favor,BTEC,3.6662,PV,-2.3993,13500000.0,primary,Microspheres Glass Beads Li,B
Li,glass,0.98,2.0,10.0,favorable,glass_Li_0.98um_2mday_10mM_favor,BTEC,3.8757,PV,-2.3755,13500000.0,primary,Microspheres Glass Beads Li,B
Li,glass,0.98,2.0,10.0,favorable,glass_Li_0.98um_2mday_10mM_favor,BTEC,3.98045,PV,-2.3629,13500000.0,primary,Microspheres Glass Beads Li,B
Li,glass,0.98,2.0,10.0,favorable,glass_Li_0.98um_2mday_10mM_favor,BTEC,4.05028,PV,-3.4242,13500000.0,primary,Microspheres Glass Beads Li,B
Li,glass,0.98,2.0,10.0,favorable,glass_Li_0.98um_2mday_10mM_favor,BTEC,4.18994,PV,-3.4862,13500000.0,primary,Microspheres Glass Beads Li,B
Li,glass,0.98,2.0,10.0,favorable,glass_Li_0.98um_2mday_10mM_favor,BTEC,4.29469,PV,-3.6763,13500000.0,primary,Microspheres Glass Beads Li,B
Li,glass,0.98,2.0,10.0,favorable,glass_Li_0.98um_2mday_10mM_favor,BTEC,4.71369,PV,-3.7551,13500000.0,primary,Microspheres Glass Beads Li,B
Li,glass,0.98,2.0,10.0,favorable,glass_Li_0.98um_2mday_10mM_favor,BTEC,5.55168,PV,-4.1741,13500000.0,primary,Microspheres Glass Beads Li,B
Li,glass,0.98,2.0,10.0,favorable,glass_Li_0.98um_2mday_10mM_favor,BTEC,6.38966,PV,-4.088,13500000.0,primary,Microspheres Glass Beads Li,B
Li,glass,0.98,2.0,10.0,favorable,glass_Li_0.98um_2mday_10mM_favor,BTEC,7.22765,PV,-4.1435,13500000.0,primary,Microspheres Glass Beads Li,B
Li,glass,0.98,2.0,10.0,favorable,glass_Li_0.98um_2mday_10mM_favor,BTEC,8.06564,PV,-4.2425,13500000.0,primary,Microspheres Glass Beads Li,B
Li,glass,0.98,2.0,10.0,favorable,glass_Li_0.98um_2mday_10mM_favor,BTEC,9.11313,PV,-4.207,13500000.0,primary,Microspheres Glass Beads Li,B
Li,glass,0.98,2.0,10.0,favorable,glass_Li_0.98um_2mday_10mM_favor,BTEC,9.95112,PV,-4.207,13500000.0,primary,Microspheres Glass Beads Li,B
Li,glass,0.98,2.0,10.0,favorable,glass_Li_0.98um_2mday_10mM_favor,RP,0.01,distance_m,9.2034,13500000.0,primary,Microspheres Glass Beads Li,B
Li,glass,0.98,2.0,10.0,favorable,glass_Li_0.98um_2mday_10mM_favor,RP,0.03,distance_m,8.6627,13500000.0,primary,Microspheres Glass Beads Li,B
Li,glass,0.98,2.0,10.0,favorable,glass_Li_0.98um_2mday_10mM_favor,RP,0.05,distance_m,8.3195,13500000.0,primary,Microspheres Glass Beads Li,B
Li,glass,0.98,2.0,10.0,favorable,glass_Li_0.98um_2mday_10mM_favor,RP,0.07,distance_m,7.8243,13500000.0,primary,Microspheres Glass Beads Li,B
Li,glass,0.98,2.0,10.0,favorable,glass_Li_0.98um_2mday_10mM_favor,RP,0.09,distance_m,7.5263,13500000.0,primary,Microspheres Glass Beads Li,B
Li,glass,0.98,2.0,10.0,favorable,glass_Li_0.98um_2mday_10mM_favor,RP,0.11,distance_m,7.2192,13500000.0,primary,Microspheres Glass Beads Li,B
Li,glass,0.98,2.0,10.0,favorable,glass_Li_0.98um_2mday_10mM_favor,RP,0.13,distance_m,6.9151,13500000.0,primary,Microspheres Glass Beads Li,B
Li,glass,0.98,2.0,10.0,favorable,glass_Li_0.98um_2mday_10mM_favor,RP,0.15,distance_m,6.5804,13500000.0,primary,Microspheres Glass Beads Li,B
Li,glass,0.98,2.0,10.0,favorable,glass_Li_0.98um_2mday_10mM_favor,RP,0.17,distance_m,6.4221,13500000.0,primary,Microspheres Glass Beads Li,B
Li,glass,0.98,2.0,10.0,favorable,glass_Li_0.98um_2mday_10mM_favor,RP,0.19,distance_m,6.1279,13500000.0,primary,Microspheres Glass Beads Li,B
Li,glass,0.98,4.0,10.0,favorable,glass_Li_0.98um_4mday_10mM_favor,BTEC,0.69832,PV,-4.9555,13100000.0,primary,Microspheres Glass Beads Li,E
Li,glass,0.98,4.0,10.0,favorable,glass_Li_0.98um_4mday_10mM_favor,BTEC,0.80307,PV,-3.7324,13100000.0,primary,Microspheres Glass Beads Li,E
Li,glass,0.98,4.0,10.0,favorable,glass_Li_0.98um_4mday_10mM_favor,BTEC,0.87291,PV,-2.7905,13100000.0,primary,Microspheres Glass Beads Li,E
Li,glass,0.98,4.0,10.0,favorable,glass_Li_0.98um_4mday_10mM_favor,BTEC,0.94274,PV,-2.4272,13100000.0,primary,Microspheres Glass Beads Li,E
Li,glass,0.98,4.0,10.0,favorable,glass_Li_0.98um_4mday_10mM_favor,BTEC,1.01257,PV,-2.257,13100000.0,primary,Microspheres Glass Beads Li,E
Li,glass,0.98,4.0,10.0,favorable,glass_Li_0.98um_4mday_10mM_favor,BTEC,1.0824,PV,-2.1345,13100000.0,primary,Microspheres Glass Beads Li,E
Li,glass,0.98,4.0,10.0,favorable,glass_Li_0.98um_4mday_10mM_favor,BTEC,1.15223,PV,-2.1101,13100000.0,primary,Microspheres Glass Beads Li,E
Li,glass,0.98,4.0,10.0,favorable,glass_Li_0.98um_4mday_10mM_favor,BTEC,1.36173,PV,-2.1389,13100000.0,primary,Microspheres Glass Beads Li,E
Li,glass,0.98,4.0,10.0,favorable,glass_Li_0.98um_4mday_10mM_favor,BTEC,1.57123,PV,-2.1143,13100000.0,primary,Microspheres Glass Beads Li,E
Li,glass,0.98,4.0,10.0,favorable,glass_Li_0.98um_4mday_10mM_favor,BTEC,1.99022,PV,-2.091,13100000.0,primary,Microspheres Glass Beads Li,E
Li,glass,0.98,4.0,10.0,favorable,glass_Li_0.98um_4mday_10mM_favor,BTEC,2.40922,PV,-1.9266,13100000.0,primary,Microspheres Glass Beads Li,E
Li,glass,0.98,4.0,10.0,favorable,glass_Li_0.98um_4mday_10mM_favor,BTEC,2.82821,PV,-1.8571,13100000.0,primary,Microspheres Glass Beads Li,E
Li,glass,0.98,4.0,10.0,favorable,glass_Li_0.98um_4mday_10mM_favor,BTEC,3.24721,PV,-1.8914,13100000.0,primary,Microspheres Glass Beads Li,E
Li,glass,0.98,4.0,10.0,favorable,glass_Li_0.98um_4mday_10mM_favor,BTEC,3.6662,PV,-1.8951,13100000.0,primary,Microspheres Glass Beads Li,E
Li,glass,0.98,4.0,10.0,favorable,glass_Li_0.98um_4mday_10mM_favor,BTEC,3.8757,PV,-1.8728,13100000.0,primary,Microspheres Glass Beads Li,E
Li,glass,0.98,4.0,10.0,favorable,glass_Li_0.98um_4mday_10mM_favor,BTEC,3.94553,PV,-2.0035,13100000.0,primary,Microspheres Glass Beads Li,E
Li,glass,0.98,4.0,10.0,favorable,glass_Li_0.98um_4mday_10mM_favor,BTEC,4.01536,PV,-2.3069,13100000.0,primary,Microspheres Glass Beads Li,E
Li,glass,0.98,4.0,10.0,favorable,glass_Li_0.98um_4mday_10mM_favor,BTEC,4.18994,PV,-3.5355,13100000.0,primary,Microspheres Glass Beads Li,E
Li,glass,0.98,4.0,10.0,favorable,glass_Li_0.98um_4mday_10mM_favor,BTEC,4.29469,PV,-3.7708,13100000.0,primary,Microspheres Glass Beads Li,E
Li,glass,0.98,4.0,10.0,favorable,glass_Li_0.98um_4mday_10mM_favor,BTEC,4.71369,PV,-3.9702,13100000.0,primary,Microspheres Glass Beads Li,E
Li,glass,0.98,4.0,10.0,favorable,glass_Li_0.98um_4mday_10mM_favor,BTEC,5.55168,PV,-4.0971,13100000.0,primary,Microspheres Glass Beads Li,E
Li,glass,0.98,4.0,10.0,favorable,glass_Li_0.98um_4mday_10mM_favor,BTEC,6.38966,PV,-4.4244,13100000.0,primary,Microspheres Glass Beads Li,E
Li,glass,0.98,4.0,10.0,favorable,glass_Li_0.98um_4mday_10mM_favor,BTEC,7.22765,PV,-4.3823,13100000.0,primary,Microspheres Glass Beads Li,E
Li,glass,0.98,4.0,10.0,favorable,glass_Li_0.98um_4mday_10mM_favor,BTEC,8.06564,PV,-4.276,13100000.0,primary,Microspheres Glass Beads Li,E
Li,glass,0.98,4.0,10.0,favorable,glass_Li_0.98um_4mday_10mM_favor,BTEC,9.11313,PV,-4.344,13100000.0,primary,Microspheres Glass Beads Li,E
Li,glass,0.98,4.0,10.0,favorable,glass_Li_0.98um_4mday_10mM_favor,BTEC,9.95112,PV,-4.4244,13100000.0,primary,Microspheres Glass Beads Li,E
Li,glass,0.98,4.0,10.0,favorable,glass_Li_0.98um_4mday_10mM_favor,RP,0.01,distance_m,9.1401,13100000.0,primary,Microspheres Glass Beads Li,E
Li,glass,0.98,4.0,10.0,favorable,glass_Li_0.98um_4mday_10mM_favor,RP,0.03,distance_m,8.9035,13100000.0,primary,Microspheres Glass Beads Li,E
Li,glass,0.98,4.0,10.0,favorable,glass_Li_0.98um_4mday_10mM_favor,RP,0.05,distance_m,8.6699,13100000.0,primary,Microspheres Glass Beads Li,E
Li,glass,0.98,4.0,10.0,favorable,glass_Li_0.98um_4mday_10mM_favor,RP,0.07,distance_m,8.4254,13100000.0,primary,Microspheres Glass Beads Li,E
Li,glass,0.98,4.0,10.0,favorable,glass_Li_0.98um_4mday_10mM_favor,RP,0.09,distance_m,8.1201,13100000.0,primary,Microspheres Glass Beads Li,E
Li,glass,0.98,4.0,10.0,favorable,glass_Li_0.98um_4mday_10mM_favor,RP,0.11,distance_m,7.941,13100000.0,primary,Microspheres Glass Beads Li,E
Li,glass,0.98,4.0,10.0,favorable,glass_Li_0.98um_4mday_10mM_favor,RP,0.13,distance_m,7.7866,13100000.0,primary,Microspheres Glass Beads Li,E
Li,glass,0.98,4.0,10.0,favorable,glass_Li_0.98um_4mday_10mM_favor,RP,0.15,distance_m,7.5039,13100000.0,primary,Microspheres Glass Beads Li,E
Li,glass,0.98,4.0,10.0,favorable,glass_Li_0.98um_4mday_10mM_favor,RP,0.17,distance_m,7.2617,13100000.0,primary,Microspheres Glass Beads Li,E
Li,glass,0.98,4.0,10.0,favorable,glass_Li_0.98um_4mday_10mM_favor,RP,0.19,distance_m,7.1244,13100000.0,primary,Microspheres Glass Beads Li,E
Li,glass,0.98,8.0,10.0,favorable,glass_Li_0.98um_8mday_10mM_favor,BTEC,0.2095,PV,-5.1112,13500000.0,primary,Microspheres Glass Beads Li,H
Li,glass,0.98,8.0,10.0,favorable,glass_Li_0.98um_8mday_10mM_favor,BTEC,0.41899,PV,-5.1112,13500000.0,primary,Microspheres Glass Beads Li,H
Li,glass,0.98,8.0,10.0,favorable,glass_Li_0.98um_8mday_10mM_favor,BTEC,0.62849,PV,-5.1112,13500000.0,primary,Microspheres Glass Beads Li,H
Li,glass,0.98,8.0,10.0,favorable,glass_Li_0.98um_8mday_10mM_favor,BTEC,0.69832,PV,-4.5734,13500000.0,primary,Microspheres Glass Beads Li,H
Li,glass,0.98,8.0,10.0,favorable,glass_Li_0.98um_8mday_10mM_favor,BTEC,0.80307,PV,-2.8625,13500000.0,primary,Microspheres Glass Beads Li,H
Li,glass,0.98,8.0,10.0,favorable,glass_Li_0.98um_8mday_10mM_favor,BTEC,0.87291,PV,-1.9888,13500000.0,primary,Microspheres Glass Beads Li,H
Li,glass,0.98,8.0,10.0,favorable,glass_Li_0.98um_8mday_10mM_favor,BTEC,0.94274,PV,-1.4949,13500000.0,primary,Microspheres Glass Beads Li,H
Li,glass,0.98,8.0,10.0,favorable,glass_Li_0.98um_8mday_10mM_favor,BTEC,1.01257,PV,-1.3775,13500000.0,primary,Microspheres Glass Beads Li,H
Li,glass,0.98,8.0,10.0,favorable,glass_Li_0.98um_8mday_10mM_favor,BTEC,1.0824,PV,-1.3533,13500000.0,primary,Microspheres Glass Beads Li,H
Li,glass,0.98,8.0,10.0,favorable,glass_Li_0.98um_8mday_10mM_favor,BTEC,1.15223,PV,-1.3813,13500000.0,primary,Microspheres Glass Beads Li,H
Li,glass,0.98,8.0,10.0,favorable,glass_Li_0.98um_8mday_10mM_favor,BTEC,1.36173,PV,-1.3873,13500000.0,primary,Microspheres Glass Beads Li,H
Li,glass,0.98,8.0,10.0,favorable,glass_Li_0.98um_8mday_10mM_favor,BTEC,1.57123,PV,-1.3343,13500000.0,primary,Microspheres Glass Beads Li,H
Li,glass,0.98,8.0,10.0,favorable,glass_Li_0.98um_8mday_10mM_favor,BTEC,1.99022,PV,-1.3052,13500000.0,primary,Microspheres Glass Beads Li,H
Li,glass,0.98,8.0,10.0,favorable,glass_Li_0.98um_8mday_10mM_favor,BTEC,2.40922,PV,-1.3196,13500000.0,primary,Microspheres Glass Beads Li,H
Li,glass,0.98,8.0,10.0,favorable,glass_Li_0.98um_8mday_10mM_favor,BTEC,2.82821,PV,-1.3158,13500000.0,primary,Microspheres Glass Beads Li,H
Li,glass,0.98,8.0,10.0,favorable,glass_Li_0.98um_8mday_10mM_favor,BTEC,3.24721,PV,-1.3119,13500000.0,primary,Microspheres Glass Beads Li,H
Li,glass,0.98,8.0,10.0,favorable,glass_Li_0.98um_8mday_10mM_favor,BTEC,3.6662,PV,-1.3157,13500000.0,primary,Microspheres Glass Beads Li,H
Li,glass,0.98,8.0,10.0,favorable,glass_Li_0.98um_8mday_10mM_favor,BTEC,3.8757,PV,-1.3686,13500000.0,primary,Microspheres Glass Beads Li,H
Li,glass,0.98,8.0,10.0,favorable,glass_Li_0.98um_8mday_10mM_favor,BTEC,3.91061,PV,-1.5076,13500000.0,primary,Microspheres Glass Beads Li,H
Li,glass,0.98,8.0,10.0,favorable,glass_Li_0.98um_8mday_10mM_favor,BTEC,3.98045,PV,-1.695,13500000.0,primary,Microspheres Glass Beads Li,H
Li,glass,0.98,8.0,10.0,favorable,glass_Li_0.98um_8mday_10mM_favor,BTEC,4.05028,PV,-2.4667,13500000.0,primary,Microspheres Glass Beads Li,H
Li,glass,0.98,8.0,10.0,favorable,glass_Li_0.98um_8mday_10mM_favor,BTEC,4.18994,PV,-3.5004,13500000.0,primary,Microspheres Glass Beads Li,H
Li,glass,0.98,8.0,10.0,favorable,glass_Li_0.98um_8mday_10mM_favor,BTEC,4.71369,PV,-4.0173,13500000.0,primary,Microspheres Glass Beads Li,H
Li,glass,0.98,8.0,10.0,favorable,glass_Li_0.98um_8mday_10mM_favor,BTEC,5.55168,PV,-4.0596,13500000.0,primary,Microspheres Glass Beads Li,H
Li,glass,0.98,8.0,10.0,favorable,glass_Li_0.98um_8mday_10mM_favor,BTEC,6.38966,PV,-4.0337,13500000.0,primary,Microspheres Glass Beads Li,H
Li,glass,0.98,8.0,10.0,favorable,glass_Li_0.98um_8mday_10mM_favor,BTEC,7.22765,PV,-4.1066,13500000.0,primary,Microspheres Glass Beads Li,H
Li,glass,0.98,8.0,10.0,favorable,glass_Li_0.98um_8mday_10mM_favor,BTEC,8.06564,PV,-3.9866,13500000.0,primary,Microspheres Glass Beads Li,H
Li,glass,0.98,8.0,10.0,favorable,glass_Li_0.98um_8mday_10mM_favor,BTEC,9.11313,PV,-3.8275,13500000.0,primary,Microspheres Glass Beads Li,H
Li,glass,0.98,8.0,10.0,favorable,glass_Li_0.98um_8mday_10mM_favor,BTEC,9.95112,PV,-3.6864,13500000.0,primary,Microspheres Glass Beads Li,H
Li,glass,0.98,8.0,10.0,favorable,glass_Li_0.98um_8mday_10mM_favor,RP,0.01,distance_m,9.035,13500000.0,primary,Microspheres Glass Beads Li,H
Li,glass,0.98,8.0,10.0,favorable,glass_Li_0.98um_8mday_10mM_favor,RP,0.03,distance_m,8.8668,13500000.0,primary,Microspheres Glass Beads Li,H
Li,glass,0.98,8.0,10.0,favorable,glass_Li_0.98um_8mday_10mM_favor,RP,0.05,distance_m,8.7015,13500000.0,primary,Microspheres Glass Beads Li,H
Li,glass,0.98,8.0,10.0,favorable,glass_Li_0.98um_8mday_10mM_favor,RP,0.07,distance_m,8.3689,13500000.0,primary,Microspheres Glass Beads Li,H
Li,glass,0.98,8.0,10.0,favorable,glass_Li_0.98um_8mday_10mM_favor,RP,0.09,distance_m,8.2334,13500000.0,primary,Microspheres Glass Beads Li,H
Li,glass,0.98,8.0,10.0,favorable,glass_Li_0.98um_8mday_10mM_favor,RP,0.11,distance_m,8.1034,13500000.0,primary,Microspheres Glass Beads Li,H
Li,glass,0.98,8.0,10.0,favorable,glass_Li_0.98um_8mday_10mM_favor,RP,0.13,distance_m,7.9636,13500000.0,primary,Microspheres Glass Beads Li,H
Li,glass,0.98,8.0,10.0,favorable,glass_Li_0.98um_8mday_10mM_favor,RP,0.15,distance_m,7.8301,13500000.0,primary,Microspheres Glass Beads Li,H
Li,glass,0.98,8.0,10.0,favorable,glass_Li_0.98um_8mday_10mM_favor,RP,0.17,distance_m,7.6772,13500000.0,primary,Microspheres Glass Beads Li,H
Li,glass,0.98,8.0,10.0,favorable,glass_Li_0.98um_8mday_10mM_favor,RP,0.19,distance_m,7.5494,13500000.0,primary,Microspheres Glass Beads Li,H
Li,glass,1.1,4.0,50.0,unfavorable,glass_Li_1.1um_4mday_50mM_unfav,BTEC,0.41667,PV,-5.0864,3490000.0,primary,Microspheres Glass Beads Li,L
Li,glass,1.1,4.0,50.0,unfavorable,glass_Li_1.1um_4mday_50mM_unfav,BTEC,0.625,PV,-5.0864,3490000.0,primary,Microspheres Glass Beads Li,L
Li,glass,1.1,4.0,50.0,unfavorable,glass_Li_1.1um_4mday_50mM_unfav,BTEC,0.69444,PV,-4.6831,3490000.0,primary,Microspheres Glass Beads Li,L
Li,glass,1.1,4.0,50.0,unfavorable,glass_Li_1.1um_4mday_50mM_unfav,BTEC,0.79861,PV,-3.1415,3490000.0,primary,Microspheres Glass Beads Li,L
Li,glass,1.1,4.0,50.0,unfavorable,glass_Li_1.1um_4mday_50mM_unfav,BTEC,0.86806,PV,-2.0966,3490000.0,primary,Microspheres Glass Beads Li,L
Li,glass,1.1,4.0,50.0,unfavorable,glass_Li_1.1um_4mday_50mM_unfav,BTEC,0.9375,PV,-1.4536,3490000.0,primary,Microspheres Glass Beads Li,L
Li,glass,1.1,4.0,50.0,unfavorable,glass_Li_1.1um_4mday_50mM_unfav,BTEC,1.00694,PV,-0.9291,3490000.0,primary,Microspheres Glass Beads Li,L
Li,glass,1.1,4.0,50.0,unfavorable,glass_Li_1.1um_4mday_50mM_unfav,BTEC,1.07639,PV,-0.8199,3490000.0,primary,Microspheres Glass Beads Li,L
Li,glass,1.1,4.0,50.0,unfavorable,glass_Li_1.1um_4mday_50mM_unfav,BTEC,1.14583,PV,-0.8293,3490000.0,primary,Microspheres Glass Beads Li,L
Li,glass,1.1,4.0,50.0,unfavorable,glass_Li_1.1um_4mday_50mM_unfav,BTEC,1.35417,PV,-0.4974,3490000.0,primary,Microspheres Glass Beads Li,L
Li,glass,1.1,4.0,50.0,unfavorable,glass_Li_1.1um_4mday_50mM_unfav,BTEC,1.5625,PV,-0.2597,3490000.0,primary,Microspheres Glass Beads Li,L
Li,glass,1.1,4.0,50.0,unfavorable,glass_Li_1.1um_4mday_50mM_unfav,BTEC,1.97917,PV,-0.3244,3490000.0,primary,Microspheres Glass Beads Li,L
Li,glass,1.1,4.0,50.0,unfavorable,glass_Li_1.1um_4mday_50mM_unfav,BTEC,2.39583,PV,-0.3173,3490000.0,primary,Microspheres Glass Beads Li,L
Li,glass,1.1,4.0,50.0,unfavorable,glass_Li_1.1um_4mday_50mM_unfav,BTEC,2.8125,PV,-0.3357,3490000.0,primary,Microspheres Glass Beads Li,L
Li,glass,1.1,4.0,50.0,unfavorable,glass_Li_1.1um_4mday_50mM_unfav,BTEC,3.22917,PV,-0.4279,3490000.0,primary,Microspheres Glass Beads Li,L
Li,glass,1.1,4.0,50.0,unfavorable,glass_Li_1.1um_4mday_50mM_unfav,BTEC,3.64583,PV,-0.402,3490000.0,primary,Microspheres Glass Beads Li,L
Li,glass,1.1,4.0,50.0,unfavorable,glass_Li_1.1um_4mday_50mM_unfav,BTEC,3.85417,PV,-0.4707,3490000.0,primary,Microspheres Glass Beads Li,L
Li,glass,1.1,4.0,50.0,unfavorable,glass_Li_1.1um_4mday_50mM_unfav,BTEC,3.92361,PV,-0.521,3490000.0,primary,Microspheres Glass Beads Li,L
Li,glass,1.1,4.0,50.0,unfavorable,glass_Li_1.1um_4mday_50mM_unfav,BTEC,3.99306,PV,-0.79,3490000.0,primary,Microspheres Glass Beads Li,L
Li,glass,1.1,4.0,50.0,unfavorable,glass_Li_1.1um_4mday_50mM_unfav,BTEC,4.16667,PV,-2.0936,3490000.0,primary,Microspheres Glass Beads Li,L
Li,glass,1.1,4.0,50.0,unfavorable,glass_Li_1.1um_4mday_50mM_unfav,BTEC,4.6875,PV,-2.9752,3490000.0,primary,Microspheres Glass Beads Li,L
Li,glass,1.1,4.0,50.0,unfavorable,glass_Li_1.1um_4mday_50mM_unfav,BTEC,5.52083,PV,-3.1112,3490000.0,primary,Microspheres Glass Beads Li,L
Li,glass,1.1,4.0,50.0,unfavorable,glass_Li_1.1um_4mday_50mM_unfav,BTEC,6.35417,PV,-3.1739,3490000.0,primary,Microspheres Glass Beads Li,L
Li,glass,1.1,4.0,50.0,unfavorable,glass_Li_1.1um_4mday_50mM_unfav,BTEC,7.1875,PV,-3.2601,3490000.0,primary,Microspheres Glass Beads Li,L
Li,glass,1.1,4.0,50.0,unfavorable,glass_Li_1.1um_4mday_50mM_unfav,BTEC,8.02083,PV,-3.298,3490000.0,primary,Microspheres Glass Beads Li,L
Li,glass,1.1,4.0,50.0,unfavorable,glass_Li_1.1um_4mday_50mM_unfav,BTEC,9.0625,PV,-3.1777,3490000.0,primary,Microspheres Glass Beads Li,L
Li,glass,1.1,4.0,50.0,unfavorable,glass_Li_1.1um_4mday_50mM_unfav,BTEC,9.89583,PV,-3.2424,3490000.0,primary,Microspheres Glass Beads Li,L
Li,glass,1.1,4.0,50.0,unfavorable,glass_Li_1.1um_4mday_50mM_unfav,RP,0.01,distance_m,8.1806,3490000.0,primary,Microspheres Glass Beads Li,L
Li,glass,1.1,4.0,50.0,unfavorable,glass_Li_1.1um_4mday_50mM_unfav,RP,0.03,distance_m,7.9562,3490000.0,primary,Microspheres Glass Beads Li,L
Li,glass,1.1,4.0,50.0,unfavorable,glass_Li_1.1um_4mday_50mM_unfav,RP,0.05,distance_m,7.7798,3490000.0,primary,Microspheres Glass Beads Li,L
Li,glass,1.1,4.0,50.0,unfavorable,glass_Li_1.1um_4mday_50mM_unfav,RP,0.07,distance_m,7.6067,3490000.0,primary,Microspheres Glass Beads Li,L
Li,glass,1.1,4.0,50.0,unfavorable,glass_Li_1.1um_4mday_50mM_unfav,RP,0.09,distance_m,7.5292,3490000.0,primary,Microspheres Glass Beads Li,L
Li,glass,1.1,4.0,50.0,unfavorable,glass_Li_1.1um_4mday_50mM_unfav,RP,0.11,distance_m,7.4785,3490000.0,primary,Microspheres Glass Beads Li,L
Li,glass,1.1,4.0,50.0,unfavorable,glass_Li_1.1um_4mday_50mM_unfav,RP,0.13,distance_m,7.4322,3490000.0,primary,Microspheres Glass Beads Li,L
Li,glass,1.1,4.0,50.0,unfavorable,glass_Li_1.1um_4mday_50mM_unfav,RP,0.15,distance_m,7.2934,3490000.0,primary,Microspheres Glass Beads Li,L
Li,glass,1.1,4.0,50.0,unfavorable,glass_Li_1.1um_4mday_50mM_unfav,RP,0.17,distance_m,7.2319,3490000.0,primary,Microspheres Glass Beads Li,L
Li,glass,1.1,4.0,50.0,unfavorable,glass_Li_1.1um_4mday_50mM_unfav,RP,0.19,distance_m,7.2198,3490000.0,primary,Microspheres Glass Beads Li,L
Li,glass,1.1,4.0,20.0,unfavorable,glass_Li_1.1um_4mday_20mM_unfav,BTEC,0.41667,PV,-5.1392,3120000.0,primary,Microspheres Glass Beads Li,O
Li,glass,1.1,4.0,20.0,unfavorable,glass_Li_1.1um_4mday_20mM_unfav,BTEC,0.625,PV,-5.1392,3120000.0,primary,Microspheres Glass Beads Li,O
Li,glass,1.1,4.0,20.0,unfavorable,glass_Li_1.1um_4mday_20mM_unfav,BTEC,0.69444,PV,-4.1644,3120000.0,primary,Microspheres Glass Beads Li,O
Li,glass,1.1,4.0,20.0,unfavorable,glass_Li_1.1um_4mday_20mM_unfav,BTEC,0.79861,PV,-2.74,3120000.0,primary,Microspheres Glass Beads Li,O
Li,glass,1.1,4.0,20.0,unfavorable,glass_Li_1.1um_4mday_20mM_unfav,BTEC,0.86806,PV,-1.49,3120000.0,primary,Microspheres Glass Beads Li,O
Li,glass,1.1,4.0,20.0,unfavorable,glass_Li_1.1um_4mday_20mM_unfav,BTEC,0.9375,PV,-0.7119,3120000.0,primary,Microspheres Glass Beads Li,O
Li,glass,1.1,4.0,20.0,unfavorable,glass_Li_1.1um_4mday_20mM_unfav,BTEC,1.00694,PV,-0.3605,3120000.0,primary,Microspheres Glass Beads Li,O
Li,glass,1.1,4.0,20.0,unfavorable,glass_Li_1.1um_4mday_20mM_unfav,BTEC,1.07639,PV,-0.1619,3120000.0,primary,Microspheres Glass Beads Li,O
Li,glass,1.1,4.0,20.0,unfavorable,glass_Li_1.1um_4mday_20mM_unfav,BTEC,1.14583,PV,-0.1358,3120000.0,primary,Microspheres Glass Beads Li,O
Li,glass,1.1,4.0,20.0,unfavorable,glass_Li_1.1um_4mday_20mM_unfav,BTEC,1.35417,PV,-0.0971,3120000.0,primary,Microspheres Glass Beads Li,O
Li,glass,1.1,4.0,20.0,unfavorable,glass_Li_1.1um_4mday_20mM_unfav,BTEC,1.5625,PV,-0.0457,3120000.0,primary,Microspheres Glass Beads Li,O
Li,glass,1.1,4.0,20.0,unfavorable,glass_Li_1.1um_4mday_20mM_unfav,BTEC,1.97917,PV,-0.1395,3120000.0,primary,Microspheres Glass Beads Li,O
Li,glass,1.1,4.0,20.0,unfavorable,glass_Li_1.1um_4mday_20mM_unfav,BTEC,2.39583,PV,-0.1291,3120000.0,primary,Microspheres Glass Beads Li,O
Li,glass,1.1,4.0,20.0,unfavorable,glass_Li_1.1um_4mday_20mM_unfav,BTEC,2.8125,PV,-0.1375,3120000.0,primary,Microspheres Glass Beads Li,O
Li,glass,1.1,4.0,20.0,unfavorable,glass_Li_1.1um_4mday_20mM_unfav,BTEC,3.22917,PV,-0.1518,3120000.0,primary,Microspheres Glass Beads Li,O
Li,glass,1.1,4.0,20.0,unfavorable,glass_Li_1.1um_4mday_20mM_unfav,BTEC,3.64583,PV,-0.1156,3120000.0,primary,Microspheres Glass Beads Li,O
Li,glass,1.1,4.0,20.0,unfavorable,glass_Li_1.1um_4mday_20mM_unfav,BTEC,3.85417,PV,-0.1997,3120000.0,primary,Microspheres Glass Beads Li,O
Li,glass,1.1,4.0,20.0,unfavorable,glass_Li_1.1um_4mday_20mM_unfav,BTEC,3.92361,PV,-0.3019,3120000.0,primary,Microspheres Glass Beads Li,O
Li,glass,1.1,4.0,20.0,unfavorable,glass_Li_1.1um_4mday_20mM_unfav,BTEC,3.99306,PV,-0.472,3120000.0,primary,Microspheres Glass Beads Li,O
Li,glass,1.1,4.0,20.0,unfavorable,glass_Li_1.1um_4mday_20mM_unfav,BTEC,4.16667,PV,-1.6482,3120000.0,primary,Microspheres Glass Beads Li,O
Li,glass,1.1,4.0,20.0,unfavorable,glass_Li_1.1um_4mday_20mM_unfav,BTEC,4.6875,PV,-2.6166,3120000.0,primary,Microspheres Glass Beads Li,O
Li,glass,1.1,4.0,20.0,unfavorable,glass_Li_1.1um_4mday_20mM_unfav,BTEC,5.52083,PV,-2.6915,3120000.0,primary,Microspheres Glass Beads Li,O
Li,glass,1.1,4.0,20.0,unfavorable,glass_Li_1.1um_4mday_20mM_unfav,BTEC,6.35417,PV,-2.796,3120000.0,primary,Microspheres Glass Beads Li,O
Li,glass,1.1,4.0,20.0,unfavorable,glass_Li_1.1um_4mday_20mM_unfav,BTEC,7.1875,PV,-2.9473,3120000.0,primary,Microspheres Glass Beads Li,O
Li,glass,1.1,4.0,20.0,unfavorable,glass_Li_1.1um_4mday_20mM_unfav,BTEC,8.02083,PV,-2.9371,3120000.0,primary,Microspheres Glass Beads Li,O
Li,glass,1.1,4.0,20.0,unfavorable,glass_Li_1.1um_4mday_20mM_unfav,BTEC,9.0625,PV,-2.9891,3120000.0,primary,Microspheres Glass Beads Li,O
Li,glass,1.1,4.0,20.0,unfavorable,glass_Li_1.1um_4mday_20mM_unfav,BTEC,9.89583,PV,-2.9891,3120000.0,primary,Microspheres Glass Beads Li,O
Li,glass,1.1,4.0,20.0,unfavorable,glass_Li_1.1um_4mday_20mM_unfav,RP,0.01,distance_m,7.5978,3120000.0,primary,Microspheres Glass Beads Li,O
Li,glass,1.1,4.0,20.0,unfavorable,glass_Li_1.1um_4mday_20mM_unfav,RP,0.03,distance_m,7.4415,3120000.0,primary,Microspheres Glass Beads Li,O
Li,glass,1.1,4.0,20.0,unfavorable,glass_Li_1.1um_4mday_20mM_unfav,RP,0.05,distance_m,7.4024,3120000.0,primary,Microspheres Glass Beads Li,O
Li,glass,1.1,4.0,20.0,unfavorable,glass_Li_1.1um_4mday_20mM_unfav,RP,0.07,distance_m,7.3525,3120000.0,primary,Microspheres Glass Beads Li,O
Li,glass,1.1,4.0,20.0,unfavorable,glass_Li_1.1um_4mday_20mM_unfav,RP,0.09,distance_m,7.2651,3120000.0,primary,Microspheres Glass Beads Li,O
Li,glass,1.1,4.0,20.0,unfavorable,glass_Li_1.1um_4mday_20mM_unfav,RP,0.11,distance_m,7.2345,3120000.0,primary,Microspheres Glass Beads Li,O
Li,glass,1.1,4.0,20.0,unfavorable,glass_Li_1.1um_4mday_20mM_unfav,RP,0.13,distance_m,7.1725,3120000.0,primary,Microspheres Glass Beads Li,O
Li,glass,1.1,4.0,20.0,unfavorable,glass_Li_1.1um_4mday_20mM_unfav,RP,0.15,distance_m,7.1356,3120000.0,primary,Microspheres Glass Beads Li,O
Li,glass,1.1,4.0,20.0,unfavorable,glass_Li_1.1um_4mday_20mM_unfav,RP,0.17,distance_m,7.0778,3120000.0,primary,Microspheres Glass Beads Li,O
Li,glass,1.1,4.0,20.0,unfavorable,glass_Li_1.1um_4mday_20mM_unfav,RP,0.19,distance_m,6.9991,3120000.0,primary,Microspheres Glass Beads Li,O
Li,glass,1.1,4.0,6.0,unfavorable,glass_Li_1.1um_4mday_6mM_unfav,BTEC,0.625,PV,-5.1117,3210000.0,primary,Microspheres Glass Beads Li,R
Li,glass,1.1,4.0,6.0,unfavorable,glass_Li_1.1um_4mday_6mM_unfav,BTEC,0.69444,PV,-3.6692,3210000.0,primary,Microspheres Glass Beads Li,R
Li,glass,1.1,4.0,6.0,unfavorable,glass_Li_1.1um_4mday_6mM_unfav,BTEC,0.79861,PV,-2.2244,3210000.0,primary,Microspheres Glass Beads Li,R
Li,glass,1.1,4.0,6.0,unfavorable,glass_Li_1.1um_4mday_6mM_unfav,BTEC,0.86806,PV,-1.2359,3210000.0,primary,Microspheres Glass Beads Li,R
Li,glass,1.1,4.0,6.0,unfavorable,glass_Li_1.1um_4mday_6mM_unfav,BTEC,0.9375,PV,-0.5838,3210000.0,primary,Microspheres Glass Beads Li,R
Li,glass,1.1,4.0,6.0,unfavorable,glass_Li_1.1um_4mday_6mM_unfav,BTEC,1.00694,PV,-0.3327,3210000.0,primary,Microspheres Glass Beads Li,R
Li,glass,1.1,4.0,6.0,unfavorable,glass_Li_1.1um_4mday_6mM_unfav,BTEC,1.07639,PV,-0.1079,3210000.0,primary,Microspheres Glass Beads Li,R
Li,glass,1.1,4.0,6.0,unfavorable,glass_Li_1.1um_4mday_6mM_unfav,BTEC,1.14583,PV,-0.0394,3210000.0,primary,Microspheres Glass Beads Li,R
Li,glass,1.1,4.0,6.0,unfavorable,glass_Li_1.1um_4mday_6mM_unfav,BTEC,1.35417,PV,-0.009,3210000.0,primary,Microspheres Glass Beads Li,R
Li,glass,1.1,4.0,6.0,unfavorable,glass_Li_1.1um_4mday_6mM_unfav,BTEC,1.5625,PV,-0.0176,3210000.0,primary,Microspheres Glass Beads Li,R
Li,glass,1.1,4.0,6.0,unfavorable,glass_Li_1.1um_4mday_6mM_unfav,BTEC,1.97917,PV,-0.0126,3210000.0,primary,Microspheres Glass Beads Li,R
Li,glass,1.1,4.0,6.0,unfavorable,glass_Li_1.1um_4mday_6mM_unfav,BTEC,2.39583,PV,-0.0078,3210000.0,primary,Microspheres Glass Beads Li,R
Li,glass,1.1,4.0,6.0,unfavorable,glass_Li_1.1um_4mday_6mM_unfav,BTEC,2.8125,PV,-0.0054,3210000.0,primary,Microspheres Glass Beads Li,R
Li,glass,1.1,4.0,6.0,unfavorable,glass_Li_1.1um_4mday_6mM_unfav,BTEC,3.22917,PV,-0.0183,3210000.0,primary,Microspheres Glass Beads Li,R
Li,glass,1.1,4.0,6.0,unfavorable,glass_Li_1.1um_4mday_6mM_unfav,BTEC,3.64583,PV,-0.0305,3210000.0,primary,Microspheres Glass Beads Li,R
Li,glass,1.1,4.0,6.0,unfavorable,glass_Li_1.1um_4mday_6mM_unfav,BTEC,3.85417,PV,-0.0585,3210000.0,primary,Microspheres Glass Beads Li,R
Li,glass,1.1,4.0,6.0,unfavorable,glass_Li_1.1um_4mday_6mM_unfav,BTEC,3.92361,PV,-0.1114,3210000.0,primary,Microspheres Glass Beads Li,R
Li,glass,1.1,4.0,6.0,unfavorable,glass_Li_1.1um_4mday_6mM_unfav,BTEC,3.99306,PV,-0.2655,3210000.0,primary,Microspheres Glass Beads Li,R
Li,glass,1.1,4.0,6.0,unfavorable,glass_Li_1.1um_4mday_6mM_unfav,BTEC,4.16667,PV,-1.6143,3210000.0,primary,Microspheres Glass Beads Li,R
Li,glass,1.1,4.0,6.0,unfavorable,glass_Li_1.1um_4mday_6mM_unfav,BTEC,4.6875,PV,-2.7159,3210000.0,primary,Microspheres Glass Beads Li,R
Li,glass,1.1,4.0,6.0,unfavorable,glass_Li_1.1um_4mday_6mM_unfav,BTEC,5.52083,PV,-2.8968,3210000.0,primary,Microspheres Glass Beads Li,R
Li,glass,1.1,4.0,6.0,unfavorable,glass_Li_1.1um_4mday_6mM_unfav,BTEC,6.35417,PV,-3.0899,3210000.0,primary,Microspheres Glass Beads Li,R
Li,glass,1.1,4.0,6.0,unfavorable,glass_Li_1.1um_4mday_6mM_unfav,BTEC,7.1875,PV,-3.2416,3210000.0,primary,Microspheres Glass Beads Li,R
Li,glass,1.1,4.0,6.0,unfavorable,glass_Li_1.1um_4mday_6mM_unfav,BTEC,8.02083,PV,-3.0884,3210000.0,primary,Microspheres Glass Beads Li,R
Li,glass,1.1,4.0,6.0,unfavorable,glass_Li_1.1um_4mday_6mM_unfav,BTEC,9.0625,PV,-3.3621,3210000.0,primary,Microspheres Glass Beads Li,R
Li,glass,1.1,4.0,6.0,unfavorable,glass_Li_1.1um_4mday_6mM_unfav,BTEC,9.89583,PV,-3.3621,3210000.0,primary,Microspheres Glass Beads Li,R
Li,glass,1.1,4.0,6.0,unfavorable,glass_Li_1.1um_4mday_6mM_unfav,RP,0.01,distance_m,6.8299,3210000.0,primary,Microspheres Glass Beads Li,R
Li,glass,1.1,4.0,6.0,unfavorable,glass_Li_1.1um_4mday_6mM_unfav,RP,0.03,distance_m,6.4899,3210000.0,primary,Microspheres Glass Beads Li,R
Li,glass,1.1,4.0,6.0,unfavorable,glass_Li_1.1um_4mday_6mM_unfav,RP,0.05,distance_m,6.3411,3210000.0,primary,Microspheres Glass Beads Li,R
Li,glass,1.1,4.0,6.0,unfavorable,glass_Li_1.1um_4mday_6mM_unfav,RP,0.07,distance_m,6.2334,3210000.0,primary,Microspheres Glass Beads Li,R
Li,glass,1.1,4.0,6.0,unfavorable,glass_Li_1.1um_4mday_6mM_unfav,RP,0.09,distance_m,6.1548,3210000.0,primary,Microspheres Glass Beads Li,R
Li,glass,1.1,4.0,6.0,unfavorable,glass_Li_1.1um_4mday_6mM_unfav,RP,0.11,distance_m,6.0812,3210000.0,primary,Microspheres Glass Beads Li,R
Li,glass,1.1,4.0,6.0,unfavorable,glass_Li_1.1um_4mday_6mM_unfav,RP,0.13,distance_m,5.9905,3210000.0,primary,Microspheres Glass Beads Li,R
Li,glass,1.1,4.0,6.0,unfavorable,glass_Li_1.1um_4mday_6mM_unfav,RP,0.15,distance_m,5.9496,3210000.0,primary,Microspheres Glass Beads Li,R
Li,glass,1.1,4.0,6.0,unfavorable,glass_Li_1.1um_4mday_6mM_unfav,RP,0.17,distance_m,5.9116,3210000.0,primary,Microspheres Glass Beads Li,R
Li,glass,1.1,4.0,6.0,unfavorable,glass_Li_1.1um_4mday_6mM_unfav,RP,0.19,distance_m,5.8612,3210000.0,primary,Microspheres Glass Beads Li,R
Li,quartz,0.98,2.0,10.0,favorable,quartz_Li_0.98um_2mday_10mM_favor,BTEC,0.69832,PV,-5.3925,13500000.0,primary,Microspheres Quartz Sand Li,B
Li,quartz,0.98,2.0,10.0,favorable,quartz_Li_0.98um_2mday_10mM_favor,BTEC,0.80307,PV,-4.6825,13500000.0,primary,Microspheres Quartz Sand Li,B
Li,quartz,0.98,2.0,10.0,favorable,quartz_Li_0.98um_2mday_10mM_favor,BTEC,0.87291,PV,-4.4484,13500000.0,primary,Microspheres Quartz Sand Li,B
Li,quartz,0.98,2.0,10.0,favorable,quartz_Li_0.98um_2mday_10mM_favor,BTEC,0.94274,PV,-4.2963,13500000.0,primary,Microspheres Quartz Sand Li,B
Li,quartz,0.98,2.0,10.0,favorable,quartz_Li_0.98um_2mday_10mM_favor,BTEC,1.01257,PV,-4.2783,13500000.0,primary,Microspheres Quartz Sand Li,B
Li,quartz,0.98,2.0,10.0,favorable,quartz_Li_0.98um_2mday_10mM_favor,BTEC,1.0824,PV,-4.261,13500000.0,primary,Microspheres Quartz Sand Li,B
Li,quartz,0.98,2.0,10.0,favorable,quartz_Li_0.98um_2mday_10mM_favor,BTEC,1.15223,PV,-4.261,13500000.0,primary,Microspheres Quartz Sand Li,B
Li,quartz,0.98,2.0,10.0,favorable,quartz_Li_0.98um_2mday_10mM_favor,BTEC,1.36173,PV,-4.3767,13500000.0,primary,Microspheres Quartz Sand Li,B
Li,quartz,0.98,2.0,10.0,favorable,quartz_Li_0.98um_2mday_10mM_favor,BTEC,1.57123,PV,-4.4232,13500000.0,primary,Microspheres Quartz Sand Li,B
Li,quartz,0.98,2.0,10.0,favorable,quartz_Li_0.98um_2mday_10mM_favor,BTEC,1.99022,PV,-4.4751,13500000.0,primary,Microspheres Quartz Sand Li,B
Li,quartz,0.98,2.0,10.0,favorable,quartz_Li_0.98um_2mday_10mM_favor,BTEC,2.40922,PV,-4.0289,13500000.0,primary,Microspheres Quartz Sand Li,B
Li,quartz,0.98,2.0,10.0,favorable,quartz_Li_0.98um_2mday_10mM_favor,BTEC,2.82821,PV,-4.3346,13500000.0,primary,Microspheres Quartz Sand Li,B
Li,quartz,0.98,2.0,10.0,favorable,quartz_Li_0.98um_2mday_10mM_favor,BTEC,3.24721,PV,-4.0289,13500000.0,primary,Microspheres Quartz Sand Li,B
Li,quartz,0.98,2.0,10.0,favorable,quartz_Li_0.98um_2mday_10mM_favor,BTEC,3.6662,PV,-4.2963,13500000.0,primary,Microspheres Quartz Sand Li,B
Li,quartz,0.98,2.0,10.0,favorable,quartz_Li_0.98um_2mday_10mM_favor,BTEC,3.8757,PV,-4.7809,13500000.0,primary,Microspheres Quartz Sand Li,B
Li,quartz,0.98,2.0,10.0,favorable,quartz_Li_0.98um_2mday_10mM_favor,BTEC,3.98045,PV,-4.8725,13500000.0,primary,Microspheres Quartz Sand Li,B
Li,quartz,0.98,2.0,10.0,favorable,quartz_Li_0.98um_2mday_10mM_favor,BTEC,4.05028,PV,-4.9883,13500000.0,primary,Microspheres Quartz Sand Li,B
Li,quartz,0.98,2.0,10.0,favorable,quartz_Li_0.98um_2mday_10mM_favor,BTEC,4.18994,PV,-5.1456,13500000.0,primary,Microspheres Quartz Sand Li,B
Li,quartz,0.98,2.0,10.0,favorable,quartz_Li_0.98um_2mday_10mM_favor,BTEC,4.29469,PV,-5.3925,13500000.0,primary,Microspheres Quartz Sand Li,B
Li,quartz,0.98,2.0,10.0,favorable,quartz_Li_0.98um_2mday_10mM_favor,RP,0.01,distance_m,9.3125,13500000.0,primary,Microspheres Quartz Sand Li,B
Li,quartz,0.98,2.0,10.0,favorable,quartz_Li_0.98um_2mday_10mM_favor,RP,0.03,distance_m,8.4416,13500000.0,primary,Microspheres Quartz Sand Li,B
Li,quartz,0.98,2.0,10.0,favorable,quartz_Li_0.98um_2mday_10mM_favor,RP,0.05,distance_m,7.7376,13500000.0,primary,Microspheres Quartz Sand Li,B
Li,quartz,0.98,2.0,10.0,favorable,quartz_Li_0.98um_2mday_10mM_favor,RP,0.07,distance_m,7.0258,13500000.0,primary,Microspheres Quartz Sand Li,B
Li,quartz,0.98,2.0,10.0,favorable,quartz_Li_0.98um_2mday_10mM_favor,RP,0.09,distance_m,6.3433,13500000.0,primary,Microspheres Quartz Sand Li,B
Li,quartz,0.98,2.0,10.0,favorable,quartz_Li_0.98um_2mday_10mM_favor,RP,0.11,distance_m,5.9974,13500000.0,primary,Microspheres Quartz Sand Li,B
Li,quartz,0.98,2.0,10.0,favorable,quartz_Li_0.98um_2mday_10mM_favor,RP,0.13,distance_m,5.6355,13500000.0,primary,Microspheres Quartz Sand Li,B
Li,quartz,0.98,2.0,10.0,favorable,quartz_Li_0.98um_2mday_10mM_favor,RP,0.15,distance_m,5.5138,13500000.0,primary,Microspheres Quartz Sand Li,B
Li,quartz,0.98,2.0,10.0,favorable,quartz_Li_0.98um_2mday_10mM_favor,RP,0.17,distance_m,5.526,13500000.0,primary,Microspheres Quartz Sand Li,B
Li,quartz,0.98,2.0,10.0,favorable,quartz_Li_0.98um_2mday_10mM_favor,RP,0.19,distance_m,5.7659,13500000.0,primary,Microspheres Quartz Sand Li,B
Li,quartz,0.98,2.0,10.0,favorable,quartz_Li_0.98um_2mday_10mM_favor,BTEC_ND,4.71369,PV,-5.301,13500000.0,primary,Microspheres Quartz Sand Li,B
Li,quartz,0.98,2.0,10.0,favorable,quartz_Li_0.98um_2mday_10mM_favor,BTEC_ND,5.55168,PV,-5.301,13500000.0,primary,Microspheres Quartz Sand Li,B
Li,quartz,0.98,2.0,10.0,favorable,quartz_Li_0.98um_2mday_10mM_favor,BTEC_ND,6.38966,PV,-5.301,13500000.0,primary,Microspheres Quartz Sand Li,B
Li,quartz,0.98,2.0,10.0,favorable,quartz_Li_0.98um_2mday_10mM_favor,BTEC_ND,7.22765,PV,-5.301,13500000.0,primary,Microspheres Quartz Sand Li,B
Li,quartz,0.98,2.0,10.0,favorable,quartz_Li_0.98um_2mday_10mM_favor,BTEC_ND,8.06564,PV,-5.301,13500000.0,primary,Microspheres Quartz Sand Li,B
Li,quartz,0.98,2.0,10.0,favorable,quartz_Li_0.98um_2mday_10mM_favor,BTEC_ND,9.11313,PV,-5.301,13500000.0,primary,Microspheres Quartz Sand Li,B
Li,quartz,0.98,4.0,10.0,favorable,quartz_Li_0.98um_4mday_10mM_favor,BTEC,0.2095,PV,-5.8573,13500000.0,primary,Microspheres Quartz Sand Li,E
Li,quartz,0.98,4.0,10.0,favorable,quartz_Li_0.98um_4mday_10mM_favor,BTEC,0.41899,PV,-5.8573,13500000.0,primary,Microspheres Quartz Sand Li,E
Li,quartz,0.98,4.0,10.0,favorable,quartz_Li_0.98um_4mday_10mM_favor,BTEC,0.62849,PV,-5.8573,13500000.0,primary,Microspheres Quartz Sand Li,E
Li,quartz,0.98,4.0,10.0,favorable,quartz_Li_0.98um_4mday_10mM_favor,BTEC,0.69832,PV,-5.3431,13500000.0,primary,Microspheres Quartz Sand Li,E
Li,quartz,0.98,4.0,10.0,favorable,quartz_Li_0.98um_4mday_10mM_favor,BTEC,0.80307,PV,-5.3431,13500000.0,primary,Microspheres Quartz Sand Li,E
Li,quartz,0.98,4.0,10.0,favorable,quartz_Li_0.98um_4mday_10mM_favor,BTEC,0.87291,PV,-4.4799,13500000.0,primary,Microspheres Quartz Sand Li,E
Li,quartz,0.98,4.0,10.0,favorable,quartz_Li_0.98um_4mday_10mM_favor,BTEC,0.94274,PV,-3.6258,13500000.0,primary,Microspheres Quartz Sand Li,E
Li,quartz,0.98,4.0,10.0,favorable,quartz_Li_0.98um_4mday_10mM_favor,BTEC,1.01257,PV,-3.3091,13500000.0,primary,Microspheres Quartz Sand Li,E
Li,quartz,0.98,4.0,10.0,favorable,quartz_Li_0.98um_4mday_10mM_favor,BTEC,1.0824,PV,-3.1906,13500000.0,primary,Microspheres Quartz Sand Li,E
Li,quartz,0.98,4.0,10.0,favorable,quartz_Li_0.98um_4mday_10mM_favor,BTEC,1.15223,PV,-3.2156,13500000.0,primary,Microspheres Quartz Sand Li,E
Li,quartz,0.98,4.0,10.0,favorable,quartz_Li_0.98um_4mday_10mM_favor,BTEC,1.36173,PV,-3.3371,13500000.0,primary,Microspheres Quartz Sand Li,E
Li,quartz,0.98,4.0,10.0,favorable,quartz_Li_0.98um_4mday_10mM_favor,BTEC,1.57123,PV,-3.4648,13500000.0,primary,Microspheres Quartz Sand Li,E
Li,quartz,0.98,4.0,10.0,favorable,quartz_Li_0.98um_4mday_10mM_favor,BTEC,1.99022,PV,-3.3091,13500000.0,primary,Microspheres Quartz Sand Li,E
Li,quartz,0.98,4.0,10.0,favorable,quartz_Li_0.98um_4mday_10mM_favor,BTEC,2.40922,PV,-3.5051,13500000.0,primary,Microspheres Quartz Sand Li,E
Li,quartz,0.98,4.0,10.0,favorable,quartz_Li_0.98um_4mday_10mM_favor,BTEC,2.82821,PV,-3.9925,13500000.0,primary,Microspheres Quartz Sand Li,E
Li,quartz,0.98,4.0,10.0,favorable,quartz_Li_0.98um_4mday_10mM_favor,BTEC,3.24721,PV,-3.792,13500000.0,primary,Microspheres Quartz Sand Li,E
Li,quartz,0.98,4.0,10.0,favorable,quartz_Li_0.98um_4mday_10mM_favor,BTEC,3.6662,PV,-3.8197,13500000.0,primary,Microspheres Quartz Sand Li,E
Li,quartz,0.98,4.0,10.0,favorable,quartz_Li_0.98um_4mday_10mM_favor,BTEC,3.8757,PV,-4.0141,13500000.0,primary,Microspheres Quartz Sand Li,E
Li,quartz,0.98,4.0,10.0,favorable,quartz_Li_0.98um_4mday_10mM_favor,BTEC,3.94553,PV,-4.1724,13500000.0,primary,Microspheres Quartz Sand Li,E
Li,quartz,0.98,4.0,10.0,favorable,quartz_Li_0.98um_4mday_10mM_favor,BTEC,4.01536,PV,-4.3,13500000.0,primary,Microspheres Quartz Sand Li,E
Li,quartz,0.98,4.0,10.0,favorable,quartz_Li_0.98um_4mday_10mM_favor,BTEC,4.18994,PV,-4.4799,13500000.0,primary,Microspheres Quartz Sand Li,E
Li,quartz,0.98,4.0,10.0,favorable,quartz_Li_0.98um_4mday_10mM_favor,BTEC,4.29469,PV,-4.3684,13500000.0,primary,Microspheres Quartz Sand Li,E
Li,quartz,0.98,4.0,10.0,favorable,quartz_Li_0.98um_4mday_10mM_favor,BTEC,4.71369,PV,-5.0356,13500000.0,primary,Microspheres Quartz Sand Li,E
Li,quartz,0.98,4.0,10.0,favorable,quartz_Li_0.98um_4mday_10mM_favor,BTEC,5.55168,PV,-5.0356,13500000.0,primary,Microspheres Quartz Sand Li,E
Li,quartz,0.98,4.0,10.0,favorable,quartz_Li_0.98um_4mday_10mM_favor,BTEC,6.38966,PV,-5.0356,13500000.0,primary,Microspheres Quartz Sand Li,E
Li,quartz,0.98,4.0,10.0,favorable,quartz_Li_0.98um_4mday_10mM_favor,BTEC,7.22765,PV,-5.3431,13500000.0,primary,Microspheres Quartz Sand Li,E
Li,quartz,0.98,4.0,10.0,favorable,quartz_Li_0.98um_4mday_10mM_favor,BTEC,8.06564,PV,-5.3431,13500000.0,primary,Microspheres Quartz Sand Li,E
Li,quartz,0.98,4.0,10.0,favorable,quartz_Li_0.98um_4mday_10mM_favor,BTEC,9.11313,PV,-5.0356,13500000.0,primary,Microspheres Quartz Sand Li,E
Li,quartz,0.98,4.0,10.0,favorable,quartz_Li_0.98um_4mday_10mM_favor,BTEC,9.95112,PV,-5.0356,13500000.0,primary,Microspheres Quartz Sand Li,E
Li,quartz,0.98,4.0,10.0,favorable,quartz_Li_0.98um_4mday_10mM_favor,RP,0.01,distance_m,9.3551,13500000.0,primary,Microspheres Quartz Sand Li,E
Li,quartz,0.98,4.0,10.0,favorable,quartz_Li_0.98um_4mday_10mM_favor,RP,0.03,distance_m,8.8373,13500000.0,primary,Microspheres Quartz Sand Li,E
Li,quartz,0.98,4.0,10.0,favorable,quartz_Li_0.98um_4mday_10mM_favor,RP,0.05,distance_m,8.2331,13500000.0,primary,Microspheres Quartz Sand Li,E
Li,quartz,0.98,4.0,10.0,favorable,quartz_Li_0.98um_4mday_10mM_favor,RP,0.07,distance_m,7.8073,13500000.0,primary,Microspheres Quartz Sand Li,E
Li,quartz,0.98,4.0,10.0,favorable,quartz_Li_0.98um_4mday_10mM_favor,RP,0.09,distance_m,7.2718,13500000.0,primary,Microspheres Quartz Sand Li,E
Li,quartz,0.98,4.0,10.0,favorable,quartz_Li_0.98um_4mday_10mM_favor,RP,0.11,distance_m,6.9527,13500000.0,primary,Microspheres Quartz Sand Li,E
Li,quartz,0.98,4.0,10.0,favorable,quartz_Li_0.98um_4mday_10mM_favor,RP,0.13,distance_m,6.384,13500000.0,primary,Microspheres Quartz Sand Li,E
Li,quartz,0.98,4.0,10.0,favorable,quartz_Li_0.98um_4mday_10mM_favor,RP,0.15,distance_m,6.0984,13500000.0,primary,Microspheres Quartz Sand Li,E
Li,quartz,0.98,4.0,10.0,favorable,quartz_Li_0.98um_4mday_10mM_favor,RP,0.17,distance_m,5.7958,13500000.0,primary,Microspheres Quartz Sand Li,E
Li,quartz,0.98,4.0,10.0,favorable,quartz_Li_0.98um_4mday_10mM_favor,RP,0.19,distance_m,5.617,13500000.0,primary,Microspheres Quartz Sand Li,E
Li,quartz,0.98,8.0,10.0,favorable,quartz_Li_0.98um_8mday_10mM_favor,BTEC,0.2095,PV,-5.147,13500000.0,primary,Microspheres Quartz Sand Li,I
Li,quartz,0.98,8.0,10.0,favorable,quartz_Li_0.98um_8mday_10mM_favor,BTEC,0.41899,PV,-5.147,13500000.0,primary,Microspheres Quartz Sand Li,I
Li,quartz,0.98,8.0,10.0,favorable,quartz_Li_0.98um_8mday_10mM_favor,BTEC,0.62849,PV,-5.147,13500000.0,primary,Microspheres Quartz Sand Li,I
Li,quartz,0.98,8.0,10.0,favorable,quartz_Li_0.98um_8mday_10mM_favor,BTEC,0.69832,PV,-5.1372,13500000.0,primary,Microspheres Quartz Sand Li,I
Li,quartz,0.98,8.0,10.0,favorable,quartz_Li_0.98um_8mday_10mM_favor,BTEC,0.80307,PV,-3.9928,13500000.0,primary,Microspheres Quartz Sand Li,I
Li,quartz,0.98,8.0,10.0,favorable,quartz_Li_0.98um_8mday_10mM_favor,BTEC,0.87291,PV,-3.2341,13500000.0,primary,Microspheres Quartz Sand Li,I
Li,quartz,0.98,8.0,10.0,favorable,quartz_Li_0.98um_8mday_10mM_favor,BTEC,0.94274,PV,-2.9771,13500000.0,primary,Microspheres Quartz Sand Li,I
Li,quartz,0.98,8.0,10.0,favorable,quartz_Li_0.98um_8mday_10mM_favor,BTEC,1.01257,PV,-2.8406,13500000.0,primary,Microspheres Quartz Sand Li,I
Li,quartz,0.98,8.0,10.0,favorable,quartz_Li_0.98um_8mday_10mM_favor,BTEC,1.0824,PV,-2.7077,13500000.0,primary,Microspheres Quartz Sand Li,I
Li,quartz,0.98,8.0,10.0,favorable,quartz_Li_0.98um_8mday_10mM_favor,BTEC,1.15223,PV,-2.75,13500000.0,primary,Microspheres Quartz Sand Li,I
Li,quartz,0.98,8.0,10.0,favorable,quartz_Li_0.98um_8mday_10mM_favor,BTEC,1.36173,PV,-2.7229,13500000.0,primary,Microspheres Quartz Sand Li,I
Li,quartz,0.98,8.0,10.0,favorable,quartz_Li_0.98um_8mday_10mM_favor,BTEC,1.57123,PV,-2.7673,13500000.0,primary,Microspheres Quartz Sand Li,I
Li,quartz,0.98,8.0,10.0,favorable,quartz_Li_0.98um_8mday_10mM_favor,BTEC,1.99022,PV,-2.7634,13500000.0,primary,Microspheres Quartz Sand Li,I
Li,quartz,0.98,8.0,10.0,favorable,quartz_Li_0.98um_8mday_10mM_favor,BTEC,2.40922,PV,-2.7954,13500000.0,primary,Microspheres Quartz Sand Li,I
Li,quartz,0.98,8.0,10.0,favorable,quartz_Li_0.98um_8mday_10mM_favor,BTEC,2.82821,PV,-2.8149,13500000.0,primary,Microspheres Quartz Sand Li,I
Li,quartz,0.98,8.0,10.0,favorable,quartz_Li_0.98um_8mday_10mM_favor,BTEC,3.24721,PV,-2.633,13500000.0,primary,Microspheres Quartz Sand Li,I
Li,quartz,0.98,8.0,10.0,favorable,quartz_Li_0.98um_8mday_10mM_favor,BTEC,3.6662,PV,-2.6981,13500000.0,primary,Microspheres Quartz Sand Li,I
Li,quartz,0.98,8.0,10.0,favorable,quartz_Li_0.98um_8mday_10mM_favor,BTEC,3.8757,PV,-2.7719,13500000.0,primary,Microspheres Quartz Sand Li,I
Li,quartz,0.98,8.0,10.0,favorable,quartz_Li_0.98um_8mday_10mM_favor,BTEC,3.91061,PV,-3.0853,13500000.0,primary,Microspheres Quartz Sand Li,I
Li,quartz,0.98,8.0,10.0,favorable,quartz_Li_0.98um_8mday_10mM_favor,BTEC,3.98045,PV,-3.4113,13500000.0,primary,Microspheres Quartz Sand Li,I
Li,quartz,0.98,8.0,10.0,favorable,quartz_Li_0.98um_8mday_10mM_favor,BTEC,4.05028,PV,-4.3027,13500000.0,primary,Microspheres Quartz Sand Li,I
Li,quartz,0.98,8.0,10.0,favorable,quartz_Li_0.98um_8mday_10mM_favor,BTEC,4.18994,PV,-4.4236,13500000.0,primary,Microspheres Quartz Sand Li,I
Li,quartz,0.98,8.0,10.0,favorable,quartz_Li_0.98um_8mday_10mM_favor,BTEC,4.71369,PV,-4.3961,13500000.0,primary,Microspheres Quartz Sand Li,I
Li,quartz,0.98,8.0,10.0,favorable,quartz_Li_0.98um_8mday_10mM_favor,BTEC,5.55168,PV,-4.5646,13500000.0,primary,Microspheres Quartz Sand Li,I
Li,quartz,0.98,8.0,10.0,favorable,quartz_Li_0.98um_8mday_10mM_favor,BTEC,6.38966,PV,-4.5646,13500000.0,primary,Microspheres Quartz Sand Li,I
Li,quartz,0.98,8.0,10.0,favorable,quartz_Li_0.98um_8mday_10mM_favor,BTEC,7.22765,PV,-4.8435,13500000.0,primary,Microspheres Quartz Sand Li,I
Li,quartz,0.98,8.0,10.0,favorable,quartz_Li_0.98um_8mday_10mM_favor,BTEC,8.06564,PV,-4.6892,13500000.0,primary,Microspheres Quartz Sand Li,I
Li,quartz,0.98,8.0,10.0,favorable,quartz_Li_0.98um_8mday_10mM_favor,BTEC,9.11313,PV,-4.6892,13500000.0,primary,Microspheres Quartz Sand Li,I
Li,quartz,0.98,8.0,10.0,favorable,quartz_Li_0.98um_8mday_10mM_favor,BTEC,9.95112,PV,-4.665,13500000.0,primary,Microspheres Quartz Sand Li,I
Li,quartz,0.98,8.0,10.0,favorable,quartz_Li_0.98um_8mday_10mM_favor,RP,0.01,distance_m,9.2715,13500000.0,primary,Microspheres Quartz Sand Li,I
Li,quartz,0.98,8.0,10.0,favorable,quartz_Li_0.98um_8mday_10mM_favor,RP,0.03,distance_m,8.9311,13500000.0,primary,Microspheres Quartz Sand Li,I
Li,quartz,0.98,8.0,10.0,favorable,quartz_Li_0.98um_8mday_10mM_favor,RP,0.05,distance_m,8.6121,13500000.0,primary,Microspheres Quartz Sand Li,I
Li,quartz,0.98,8.0,10.0,favorable,quartz_Li_0.98um_8mday_10mM_favor,RP,0.07,distance_m,8.2603,13500000.0,primary,Microspheres Quartz Sand Li,I
Li,quartz,0.98,8.0,10.0,favorable,quartz_Li_0.98um_8mday_10mM_favor,RP,0.09,distance_m,7.9956,13500000.0,primary,Microspheres Quartz Sand Li,I
Li,quartz,0.98,8.0,10.0,favorable,quartz_Li_0.98um_8mday_10mM_favor,RP,0.11,distance_m,7.7622,13500000.0,primary,Microspheres Quartz Sand Li,I
Li,quartz,0.98,8.0,10.0,favorable,quartz_Li_0.98um_8mday_10mM_favor,RP,0.13,distance_m,7.434,13500000.0,primary,Microspheres Quartz Sand Li,I
Li,quartz,0.98,8.0,10.0,favorable,quartz_Li_0.98um_8mday_10mM_favor,RP,0.15,distance_m,7.2114,13500000.0,primary,Microspheres Quartz Sand Li,I
Li,quartz,0.98,8.0,10.0,favorable,quartz_Li_0.98um_8mday_10mM_favor,RP,0.17,distance_m,6.9078,13500000.0,primary,Microspheres Quartz Sand Li,I
Li,quartz,0.98,8.0,10.0,favorable,quartz_Li_0.98um_8mday_10mM_favor,RP,0.19,distance_m,6.6387,13500000.0,primary,Microspheres Quartz Sand Li,I
Li,quartz,1.1,4.0,20.0,unfavorable,quartz_Li_1.1um_4mday_20mM_unfav,BTEC,0.20833,PV,-5.1259,13400000.0,primary,Microspheres Quartz Sand Li,M
Li,quartz,1.1,4.0,20.0,unfavorable,quartz_Li_1.1um_4mday_20mM_unfav,BTEC,0.41667,PV,-5.1259,13400000.0,primary,Microspheres Quartz Sand Li,M
Li,quartz,1.1,4.0,20.0,unfavorable,quartz_Li_1.1um_4mday_20mM_unfav,BTEC,0.625,PV,-5.1259,13400000.0,primary,Microspheres Quartz Sand Li,M
Li,quartz,1.1,4.0,20.0,unfavorable,quartz_Li_1.1um_4mday_20mM_unfav,BTEC,0.69444,PV,-5.1259,13400000.0,primary,Microspheres Quartz Sand Li,M
Li,quartz,1.1,4.0,20.0,unfavorable,quartz_Li_1.1um_4mday_20mM_unfav,BTEC,0.76389,PV,-3.9916,13400000.0,primary,Microspheres Quartz Sand Li,M
Li,quartz,1.1,4.0,20.0,unfavorable,quartz_Li_1.1um_4mday_20mM_unfav,BTEC,0.83333,PV,-3.7736,13400000.0,primary,Microspheres Quartz Sand Li,M
Li,quartz,1.1,4.0,20.0,unfavorable,quartz_Li_1.1um_4mday_20mM_unfav,BTEC,0.90278,PV,-3.3779,13400000.0,primary,Microspheres Quartz Sand Li,M
Li,quartz,1.1,4.0,20.0,unfavorable,quartz_Li_1.1um_4mday_20mM_unfav,BTEC,0.97222,PV,-3.3675,13400000.0,primary,Microspheres Quartz Sand Li,M
Li,quartz,1.1,4.0,20.0,unfavorable,quartz_Li_1.1um_4mday_20mM_unfav,BTEC,1.04167,PV,-3.2815,13400000.0,primary,Microspheres Quartz Sand Li,M
Li,quartz,1.1,4.0,20.0,unfavorable,quartz_Li_1.1um_4mday_20mM_unfav,BTEC,1.14583,PV,-3.2778,13400000.0,primary,Microspheres Quartz Sand Li,M
Li,quartz,1.1,4.0,20.0,unfavorable,quartz_Li_1.1um_4mday_20mM_unfav,BTEC,1.35417,PV,-3.2852,13400000.0,primary,Microspheres Quartz Sand Li,M
Li,quartz,1.1,4.0,20.0,unfavorable,quartz_Li_1.1um_4mday_20mM_unfav,BTEC,1.77083,PV,-3.2599,13400000.0,primary,Microspheres Quartz Sand Li,M
Li,quartz,1.1,4.0,20.0,unfavorable,quartz_Li_1.1um_4mday_20mM_unfav,BTEC,2.39583,PV,-3.3872,13400000.0,primary,Microspheres Quartz Sand Li,M
Li,quartz,1.1,4.0,20.0,unfavorable,quartz_Li_1.1um_4mday_20mM_unfav,BTEC,2.60417,PV,-3.2983,13400000.0,primary,Microspheres Quartz Sand Li,M
Li,quartz,1.1,4.0,20.0,unfavorable,quartz_Li_1.1um_4mday_20mM_unfav,BTEC,2.98611,PV,-3.3802,13400000.0,primary,Microspheres Quartz Sand Li,M
Li,quartz,1.1,4.0,20.0,unfavorable,quartz_Li_1.1um_4mday_20mM_unfav,BTEC,3.4375,PV,-3.3872,13400000.0,primary,Microspheres Quartz Sand Li,M
Li,quartz,1.1,4.0,20.0,unfavorable,quartz_Li_1.1um_4mday_20mM_unfav,BTEC,3.85417,PV,-3.3872,13400000.0,primary,Microspheres Quartz Sand Li,M
Li,quartz,1.1,4.0,20.0,unfavorable,quartz_Li_1.1um_4mday_20mM_unfav,RP,0.01,distance_m,9.1855,13400000.0,primary,Microspheres Quartz Sand Li,M
Li,quartz,1.1,4.0,20.0,unfavorable,quartz_Li_1.1um_4mday_20mM_unfav,RP,0.03,distance_m,8.9884,13400000.0,primary,Microspheres Quartz Sand Li,M
Li,quartz,1.1,4.0,20.0,unfavorable,quartz_Li_1.1um_4mday_20mM_unfav,RP,0.05,distance_m,8.6091,13400000.0,primary,Microspheres Quartz Sand Li,M
Li,quartz,1.1,4.0,20.0,unfavorable,quartz_Li_1.1um_4mday_20mM_unfav,RP,0.07,distance_m,8.3176,13400000.0,primary,Microspheres Quartz Sand Li,M
Li,quartz,1.1,4.0,20.0,unfavorable,quartz_Li_1.1um_4mday_20mM_unfav,RP,0.09,distance_m,8.0201,13400000.0,primary,Microspheres Quartz Sand Li,M
Li,quartz,1.1,4.0,20.0,unfavorable,quartz_Li_1.1um_4mday_20mM_unfav,RP,0.11,distance_m,7.6477,13400000.0,primary,Microspheres Quartz Sand Li,M
Li,quartz,1.1,4.0,20.0,unfavorable,quartz_Li_1.1um_4mday_20mM_unfav,RP,0.13,distance_m,7.1639,13400000.0,primary,Microspheres Quartz Sand Li,M
Li,quartz,1.1,4.0,20.0,unfavorable,quartz_Li_1.1um_4mday_20mM_unfav,RP,0.15,distance_m,6.9672,13400000.0,primary,Microspheres Quartz Sand Li,M
Li,quartz,1.1,4.0,20.0,unfavorable,quartz_Li_1.1um_4mday_20mM_unfav,RP,0.17,distance_m,6.6042,13400000.0,primary,Microspheres Quartz Sand Li,M
Li,quartz,1.1,4.0,20.0,unfavorable,quartz_Li_1.1um_4mday_20mM_unfav,RP,0.19,distance_m,6.2835,13400000.0,primary,Microspheres Quartz Sand Li,M
Li,quartz,1.1,4.0,20.0,unfavorable,quartz_Li_1.1um_4mday_20mM_unfav,BTEC_ND,4.86111,PV,-5.301,13400000.0,primary,Microspheres Quartz Sand Li,M
Li,quartz,1.1,4.0,20.0,unfavorable,quartz_Li_1.1um_4mday_20mM_unfav,BTEC_ND,6.94444,PV,-5.301,13400000.0,primary,Microspheres Quartz Sand Li,M
Li,quartz,1.1,4.0,20.0,unfavorable,quartz_Li_1.1um_4mday_20mM_unfav,BTEC_ND,9.89583,PV,-5.301,13400000.0,primary,Microspheres Quartz Sand Li,M
Li,quartz,1.1,4.0,20.0,unfavorable,quartz_Li_1.1um_4mday_20mM_unfav,BTEC,0.20833,PV,-5.0963,3240000.0,primary,Microspheres Quartz Sand Li,P
Li,quartz,1.1,4.0,20.0,unfavorable,quartz_Li_1.1um_4mday_20mM_unfav,BTEC,0.41667,PV,-5.0963,3240000.0,primary,Microspheres Quartz Sand Li,P
Li,quartz,1.1,4.0,20.0,unfavorable,quartz_Li_1.1um_4mday_20mM_unfav,BTEC,0.625,PV,-5.0963,3240000.0,primary,Microspheres Quartz Sand Li,P
Li,quartz,1.1,4.0,20.0,unfavorable,quartz_Li_1.1um_4mday_20mM_unfav,BTEC,0.69444,PV,-4.9622,3240000.0,primary,Microspheres Quartz Sand Li,P
Li,quartz,1.1,4.0,20.0,unfavorable,quartz_Li_1.1um_4mday_20mM_unfav,BTEC,0.79861,PV,-3.7578,3240000.0,primary,Microspheres Quartz Sand Li,P
Li,quartz,1.1,4.0,20.0,unfavorable,quartz_Li_1.1um_4mday_20mM_unfav,BTEC,0.86806,PV,-3.1508,3240000.0,primary,Microspheres Quartz Sand Li,P
Li,quartz,1.1,4.0,20.0,unfavorable,quartz_Li_1.1um_4mday_20mM_unfav,BTEC,0.9375,PV,-2.6152,3240000.0,primary,Microspheres Quartz Sand Li,P
Li,quartz,1.1,4.0,20.0,unfavorable,quartz_Li_1.1um_4mday_20mM_unfav,BTEC,1.00694,PV,-2.488,3240000.0,primary,Microspheres Quartz Sand Li,P
Li,quartz,1.1,4.0,20.0,unfavorable,quartz_Li_1.1um_4mday_20mM_unfav,BTEC,1.07639,PV,-2.5043,3240000.0,primary,Microspheres Quartz Sand Li,P
Li,quartz,1.1,4.0,20.0,unfavorable,quartz_Li_1.1um_4mday_20mM_unfav,BTEC,1.14583,PV,-2.5389,3240000.0,primary,Microspheres Quartz Sand Li,P
Li,quartz,1.1,4.0,20.0,unfavorable,quartz_Li_1.1um_4mday_20mM_unfav,BTEC,1.35417,PV,-2.5901,3240000.0,primary,Microspheres Quartz Sand Li,P
Li,quartz,1.1,4.0,20.0,unfavorable,quartz_Li_1.1um_4mday_20mM_unfav,BTEC,1.5625,PV,-2.643,3240000.0,primary,Microspheres Quartz Sand Li,P
Li,quartz,1.1,4.0,20.0,unfavorable,quartz_Li_1.1um_4mday_20mM_unfav,BTEC,1.97917,PV,-2.5942,3240000.0,primary,Microspheres Quartz Sand Li,P
Li,quartz,1.1,4.0,20.0,unfavorable,quartz_Li_1.1um_4mday_20mM_unfav,BTEC,2.39583,PV,-2.6018,3240000.0,primary,Microspheres Quartz Sand Li,P
Li,quartz,1.1,4.0,20.0,unfavorable,quartz_Li_1.1um_4mday_20mM_unfav,BTEC,2.8125,PV,-2.6675,3240000.0,primary,Microspheres Quartz Sand Li,P
Li,quartz,1.1,4.0,20.0,unfavorable,quartz_Li_1.1um_4mday_20mM_unfav,BTEC,3.22917,PV,-2.8667,3240000.0,primary,Microspheres Quartz Sand Li,P
Li,quartz,1.1,4.0,20.0,unfavorable,quartz_Li_1.1um_4mday_20mM_unfav,BTEC,3.64583,PV,-2.8963,3240000.0,primary,Microspheres Quartz Sand Li,P
Li,quartz,1.1,4.0,20.0,unfavorable,quartz_Li_1.1um_4mday_20mM_unfav,BTEC,3.85417,PV,-2.9817,3240000.0,primary,Microspheres Quartz Sand Li,P
Li,quartz,1.1,4.0,20.0,unfavorable,quartz_Li_1.1um_4mday_20mM_unfav,BTEC,3.92361,PV,-3.2446,3240000.0,primary,Microspheres Quartz Sand Li,P
Li,quartz,1.1,4.0,20.0,unfavorable,quartz_Li_1.1um_4mday_20mM_unfav,BTEC,3.99306,PV,-3.3472,3240000.0,primary,Microspheres Quartz Sand Li,P
Li,quartz,1.1,4.0,20.0,unfavorable,quartz_Li_1.1um_4mday_20mM_unfav,BTEC,4.16667,PV,-4.1665,3240000.0,primary,Microspheres Quartz Sand Li,P
Li,quartz,1.1,4.0,20.0,unfavorable,quartz_Li_1.1um_4mday_20mM_unfav,BTEC,4.6875,PV,-4.3576,3240000.0,primary,Microspheres Quartz Sand Li,P
Li,quartz,1.1,4.0,20.0,unfavorable,quartz_Li_1.1um_4mday_20mM_unfav,BTEC,5.52083,PV,-4.6541,3240000.0,primary,Microspheres Quartz Sand Li,P
Li,quartz,1.1,4.0,20.0,unfavorable,quartz_Li_1.1um_4mday_20mM_unfav,BTEC,6.35417,PV,-4.8629,3240000.0,primary,Microspheres Quartz Sand Li,P
Li,quartz,1.1,4.0,20.0,unfavorable,quartz_Li_1.1um_4mday_20mM_unfav,BTEC,7.1875,PV,-4.7816,3240000.0,primary,Microspheres Quartz Sand Li,P
Li,quartz,1.1,4.0,20.0,unfavorable,quartz_Li_1.1um_4mday_20mM_unfav,BTEC,8.02083,PV,-4.8629,3240000.0,primary,Microspheres Quartz Sand Li,P
Li,quartz,1.1,4.0,20.0,unfavorable,quartz_Li_1.1um_4mday_20mM_unfav,BTEC,9.0625,PV,-4.7136,3240000.0,primary,Microspheres Quartz Sand Li,P
Li,quartz,1.1,4.0,20.0,unfavorable,quartz_Li_1.1um_4mday_20mM_unfav,BTEC,9.89583,PV,-4.8629,3240000.0,primary,Microspheres Quartz Sand Li,P
Li,quartz,1.1,4.0,20.0,unfavorable,quartz_Li_1.1um_4mday_20mM_unfav,RP,0.01,distance_m,8.4217,3240000.0,primary,Microspheres Quartz Sand Li,P
Li,quartz,1.1,4.0,20.0,unfavorable,quartz_Li_1.1um_4mday_20mM_unfav,RP,0.03,distance_m,8.3236,3240000.0,primary,Microspheres Quartz Sand Li,P
Li,quartz,1.1,4.0,20.0,unfavorable,quartz_Li_1.1um_4mday_20mM_unfav,RP,0.05,distance_m,8.0985,3240000.0,primary,Microspheres Quartz Sand Li,P
Li,quartz,1.1,4.0,20.0,unfavorable,quartz_Li_1.1um_4mday_20mM_unfav,RP,0.07,distance_m,7.8545,3240000.0,primary,Microspheres Quartz Sand Li,P
Li,quartz,1.1,4.0,20.0,unfavorable,quartz_Li_1.1um_4mday_20mM_unfav,RP,0.09,distance_m,7.5612,3240000.0,primary,Microspheres Quartz Sand Li,P
Li,quartz,1.1,4.0,20.0,unfavorable,quartz_Li_1.1um_4mday_20mM_unfav,RP,0.11,distance_m,7.27,3240000.0,primary,Microspheres Quartz Sand Li,P
Li,quartz,1.1,4.0,20.0,unfavorable,quartz_Li_1.1um_4mday_20mM_unfav,RP,0.13,distance_m,6.9714,3240000.0,primary,Microspheres Quartz Sand Li,P
Li,quartz,1.1,4.0,20.0,unfavorable,quartz_Li_1.1um_4mday_20mM_unfav,RP,0.15,distance_m,6.7117,3240000.0,primary,Microspheres Quartz Sand Li,P
Li,quartz,1.1,4.0,20.0,unfavorable,quartz_Li_1.1um_4mday_20mM_unfav,RP,0.17,distance_m,6.4043,3240000.0,primary,Microspheres Quartz Sand Li,P
Li,quartz,1.1,4.0,20.0,unfavorable,quartz_Li_1.1um_4mday_20mM_unfav,RP,0.19,distance_m,6.1576,3240000.0,primary,Microspheres Quartz Sand Li,P
Li,quartz,1.1,4.0,20.0,unfavorable,quartz_Li_1.1um_4mday_20mM_unfav,BTEC,0.69444,PV,-4.9859,3490000.0,primary,Microspheres Quartz Sand Li,S
Li,quartz,1.1,4.0,20.0,unfavorable,quartz_Li_1.1um_4mday_20mM_unfav,BTEC,0.79861,PV,-3.5151,3490000.0,primary,Microspheres Quartz Sand Li,S
Li,quartz,1.1,4.0,20.0,unfavorable,quartz_Li_1.1um_4mday_20mM_unfav,BTEC,0.86806,PV,-2.5187,3490000.0,primary,Microspheres Quartz Sand Li,S
Li,quartz,1.1,4.0,20.0,unfavorable,quartz_Li_1.1um_4mday_20mM_unfav,BTEC,0.9375,PV,-1.8751,3490000.0,primary,Microspheres Quartz Sand Li,S
Li,quartz,1.1,4.0,20.0,unfavorable,quartz_Li_1.1um_4mday_20mM_unfav,BTEC,1.00694,PV,-1.6754,3490000.0,primary,Microspheres Quartz Sand Li,S
Li,quartz,1.1,4.0,20.0,unfavorable,quartz_Li_1.1um_4mday_20mM_unfav,BTEC,1.07639,PV,-1.5659,3490000.0,primary,Microspheres Quartz Sand Li,S
Li,quartz,1.1,4.0,20.0,unfavorable,quartz_Li_1.1um_4mday_20mM_unfav,BTEC,1.14583,PV,-1.5359,3490000.0,primary,Microspheres Quartz Sand Li,S
Li,quartz,1.1,4.0,20.0,unfavorable,quartz_Li_1.1um_4mday_20mM_unfav,BTEC,1.35417,PV,-1.5977,3490000.0,primary,Microspheres Quartz Sand Li,S
Li,quartz,1.1,4.0,20.0,unfavorable,quartz_Li_1.1um_4mday_20mM_unfav,BTEC,1.5625,PV,-1.7322,3490000.0,primary,Microspheres Quartz Sand Li,S
Li,quartz,1.1,4.0,20.0,unfavorable,quartz_Li_1.1um_4mday_20mM_unfav,BTEC,1.97917,PV,-1.7182,3490000.0,primary,Microspheres Quartz Sand Li,S
Li,quartz,1.1,4.0,20.0,unfavorable,quartz_Li_1.1um_4mday_20mM_unfav,BTEC,2.39583,PV,-1.8113,3490000.0,primary,Microspheres Quartz Sand Li,S
Li,quartz,1.1,4.0,20.0,unfavorable,quartz_Li_1.1um_4mday_20mM_unfav,BTEC,2.8125,PV,-1.818,3490000.0,primary,Microspheres Quartz Sand Li,S
Li,quartz,1.1,4.0,20.0,unfavorable,quartz_Li_1.1um_4mday_20mM_unfav,BTEC,3.22917,PV,-1.937,3490000.0,primary,Microspheres Quartz Sand Li,S
Li,quartz,1.1,4.0,20.0,unfavorable,quartz_Li_1.1um_4mday_20mM_unfav,BTEC,3.64583,PV,-2.0797,3490000.0,primary,Microspheres Quartz Sand Li,S
Li,quartz,1.1,4.0,20.0,unfavorable,quartz_Li_1.1um_4mday_20mM_unfav,BTEC,3.65417,PV,-2.0721,3490000.0,primary,Microspheres Quartz Sand Li,S
Li,quartz,1.1,4.0,20.0,unfavorable,quartz_Li_1.1um_4mday_20mM_unfav,BTEC,3.72361,PV,-2.3326,3490000.0,primary,Microspheres Quartz Sand Li,S
Li,quartz,1.1,4.0,20.0,unfavorable,quartz_Li_1.1um_4mday_20mM_unfav,BTEC,3.79306,PV,-2.7745,3490000.0,primary,Microspheres Quartz Sand Li,S
Li,quartz,1.1,4.0,20.0,unfavorable,quartz_Li_1.1um_4mday_20mM_unfav,BTEC,3.96667,PV,-3.7601,3490000.0,primary,Microspheres Quartz Sand Li,S
Li,quartz,1.1,4.0,20.0,unfavorable,quartz_Li_1.1um_4mday_20mM_unfav,BTEC,4.4875,PV,-4.1327,3490000.0,primary,Microspheres Quartz Sand Li,S
Li,quartz,1.1,4.0,20.0,unfavorable,quartz_Li_1.1um_4mday_20mM_unfav,BTEC,5.32083,PV,-4.2938,3490000.0,primary,Microspheres Quartz Sand Li,S
Li,quartz,1.1,4.0,20.0,unfavorable,quartz_Li_1.1um_4mday_20mM_unfav,BTEC,6.15417,PV,-4.3997,3490000.0,primary,Microspheres Quartz Sand Li,S
Li,quartz,1.1,4.0,20.0,unfavorable,quartz_Li_1.1um_4mday_20mM_unfav,BTEC,6.9875,PV,-4.3715,3490000.0,primary,Microspheres Quartz Sand Li,S
Li,quartz,1.1,4.0,20.0,unfavorable,quartz_Li_1.1um_4mday_20mM_unfav,BTEC,7.82083,PV,-4.2947,3490000.0,primary,Microspheres Quartz Sand Li,S
Li,quartz,1.1,4.0,20.0,unfavorable,quartz_Li_1.1um_4mday_20mM_unfav,BTEC,8.8625,PV,-4.5388,3490000.0,primary,Microspheres Quartz Sand Li,S
Li,quartz,1.1,4.0,20.0,unfavorable,quartz_Li_1.1um_4mday_20mM_unfav,BTEC,9.69583,PV,-4.4586,3490000.0,primary,Microspheres Quartz Sand Li,S
Li,quartz,1.1,4.0,20.0,unfavorable,quartz_Li_1.1um_4mday_20mM_unfav,RP,0.01,distance_m,8.2675,3490000.0,primary,Microspheres Quartz Sand Li,S
Li,quartz,1.1,4.0,20.0,unfavorable,quartz_Li_1.1um_4mday_20mM_unfav,RP,0.03,distance_m,8.3054,3490000.0,primary,Microspheres Quartz Sand Li,S
Li,quartz,1.1,4.0,20.0,unfavorable,quartz_Li_1.1um_4mday_20mM_unfav,RP,0.05,distance_m,8.1729,3490000.0,primary,Microspheres Quartz Sand Li,S
Li,quartz,1.1,4.0,20.0,unfavorable,quartz_Li_1.1um_4mday_20mM_unfav,RP,0.07,distance_m,7.9755,3490000.0,primary,Microspheres Quartz Sand Li,S
Li,quartz,1.1,4.0,20.0,unfavorable,quartz_Li_1.1um_4mday_20mM_unfav,RP,0.09,distance_m,7.8132,3490000.0,primary,Microspheres Quartz Sand Li,S
Li,quartz,1.1,4.0,20.0,unfavorable,quartz_Li_1.1um_4mday_20mM_unfav,RP,0.11,distance_m,7.6162,3490000.0,primary,Microspheres Quartz Sand Li,S
Li,quartz,1.1,4.0,20.0,unfavorable,quartz_Li_1.1um_4mday_20mM_unfav,RP,0.13,distance_m,7.4137,3490000.0,primary,Microspheres Quartz Sand Li,S
Li,quartz,1.1,4.0,20.0,unfavorable,quartz_Li_1.1um_4mday_20mM_unfav,RP,0.15,distance_m,7.1719,3490000.0,primary,Microspheres Quartz Sand Li,S
Li,quartz,1.1,4.0,20.0,unfavorable,quartz_Li_1.1um_4mday_20mM_unfav,RP,0.17,distance_m,7.0217,3490000.0,primary,Microspheres Quartz Sand Li,S
Li,quartz,1.1,4.0,20.0,unfavorable,quartz_Li_1.1um_4mday_20mM_unfav,RP,0.19,distance_m,6.775,3490000.0,primary,Microspheres Quartz Sand Li,S
Li,quartz,1.1,4.0,6.0,unfavorable,quartz_Li_1.1um_4mday_6mM_unfav,BTEC,0.69444,PV,-4.447,3290000.0,primary,Microspheres Quartz Sand Li,V
Li,quartz,1.1,4.0,6.0,unfavorable,quartz_Li_1.1um_4mday_6mM_unfav,BTEC,0.79861,PV,-3.423,3290000.0,primary,Microspheres Quartz Sand Li,V
Li,quartz,1.1,4.0,6.0,unfavorable,quartz_Li_1.1um_4mday_6mM_unfav,BTEC,0.86806,PV,-2.0533,3290000.0,primary,Microspheres Quartz Sand Li,V
Li,quartz,1.1,4.0,6.0,unfavorable,quartz_Li_1.1um_4mday_6mM_unfav,BTEC,0.9375,PV,-1.5421,3290000.0,primary,Microspheres Quartz Sand Li,V
Li,quartz,1.1,4.0,6.0,unfavorable,quartz_Li_1.1um_4mday_6mM_unfav,BTEC,1.00694,PV,-1.0657,3290000.0,primary,Microspheres Quartz Sand Li,V
Li,quartz,1.1,4.0,6.0,unfavorable,quartz_Li_1.1um_4mday_6mM_unfav,BTEC,1.07639,PV,-0.912,3290000.0,primary,Microspheres Quartz Sand Li,V
Li,quartz,1.1,4.0,6.0,unfavorable,quartz_Li_1.1um_4mday_6mM_unfav,BTEC,1.14583,PV,-0.7968,3290000.0,primary,Microspheres Quartz Sand Li,V
Li,quartz,1.1,4.0,6.0,unfavorable,quartz_Li_1.1um_4mday_6mM_unfav,BTEC,1.35417,PV,-0.72,3290000.0,primary,Microspheres Quartz Sand Li,V
Li,quartz,1.1,4.0,6.0,unfavorable,quartz_Li_1.1um_4mday_6mM_unfav,BTEC,1.5625,PV,-0.707,3290000.0,primary,Microspheres Quartz Sand Li,V
Li,quartz,1.1,4.0,6.0,unfavorable,quartz_Li_1.1um_4mday_6mM_unfav,BTEC,1.97917,PV,-0.79,3290000.0,primary,Microspheres Quartz Sand Li,V
Li,quartz,1.1,4.0,6.0,unfavorable,quartz_Li_1.1um_4mday_6mM_unfav,BTEC,2.39583,PV,-0.8499,3290000.0,primary,Microspheres Quartz Sand Li,V
Li,quartz,1.1,4.0,6.0,unfavorable,quartz_Li_1.1um_4mday_6mM_unfav,BTEC,2.8125,PV,-0.8803,3290000.0,primary,Microspheres Quartz Sand Li,V
Li,quartz,1.1,4.0,6.0,unfavorable,quartz_Li_1.1um_4mday_6mM_unfav,BTEC,3.22917,PV,-0.9367,3290000.0,primary,Microspheres Quartz Sand Li,V
Li,quartz,1.1,4.0,6.0,unfavorable,quartz_Li_1.1um_4mday_6mM_unfav,BTEC,3.64583,PV,-1.0191,3290000.0,primary,Microspheres Quartz Sand Li,V
Li,quartz,1.1,4.0,6.0,unfavorable,quartz_Li_1.1um_4mday_6mM_unfav,BTEC,3.85417,PV,-0.9969,3290000.0,primary,Microspheres Quartz Sand Li,V
Li,quartz,1.1,4.0,6.0,unfavorable,quartz_Li_1.1um_4mday_6mM_unfav,BTEC,3.92361,PV,-1.0521,3290000.0,primary,Microspheres Quartz Sand Li,V
Li,quartz,1.1,4.0,6.0,unfavorable,quartz_Li_1.1um_4mday_6mM_unfav,BTEC,3.99306,PV,-1.2267,3290000.0,primary,Microspheres Quartz Sand Li,V
Li,quartz,1.1,4.0,6.0,unfavorable,quartz_Li_1.1um_4mday_6mM_unfav,BTEC,4.16667,PV,-2.0659,3290000.0,primary,Microspheres Quartz Sand Li,V
Li,quartz,1.1,4.0,6.0,unfavorable,quartz_Li_1.1um_4mday_6mM_unfav,BTEC,4.27083,PV,-2.1283,3290000.0,primary,Microspheres Quartz Sand Li,V
Li,quartz,1.1,4.0,6.0,unfavorable,quartz_Li_1.1um_4mday_6mM_unfav,BTEC,4.6875,PV,-2.3061,3290000.0,primary,Microspheres Quartz Sand Li,V
Li,quartz,1.1,4.0,6.0,unfavorable,quartz_Li_1.1um_4mday_6mM_unfav,BTEC,5.52083,PV,-2.6041,3290000.0,primary,Microspheres Quartz Sand Li,V
Li,quartz,1.1,4.0,6.0,unfavorable,quartz_Li_1.1um_4mday_6mM_unfav,BTEC,6.35417,PV,-2.7201,3290000.0,primary,Microspheres Quartz Sand Li,V
Li,quartz,1.1,4.0,6.0,unfavorable,quartz_Li_1.1um_4mday_6mM_unfav,BTEC,7.1875,PV,-2.8879,3290000.0,primary,Microspheres Quartz Sand Li,V
Li,quartz,1.1,4.0,6.0,unfavorable,quartz_Li_1.1um_4mday_6mM_unfav,BTEC,8.02083,PV,-2.8806,3290000.0,primary,Microspheres Quartz Sand Li,V
Li,quartz,1.1,4.0,6.0,unfavorable,quartz_Li_1.1um_4mday_6mM_unfav,BTEC,9.0625,PV,-2.8591,3290000.0,primary,Microspheres Quartz Sand Li,V
Li,quartz,1.1,4.0,6.0,unfavorable,quartz_Li_1.1um_4mday_6mM_unfav,BTEC,9.89583,PV,-2.8668,3290000.0,primary,Microspheres Quartz Sand Li,V
Li,quartz,1.1,4.0,6.0,unfavorable,quartz_Li_1.1um_4mday_6mM_unfav,RP,0.01,distance_m,7.9968,3290000.0,primary,Microspheres Quartz Sand Li,V
Li,quartz,1.1,4.0,6.0,unfavorable,quartz_Li_1.1um_4mday_6mM_unfav,RP,0.03,distance_m,8.2119,3290000.0,primary,Microspheres Quartz Sand Li,V
Li,quartz,1.1,4.0,6.0,unfavorable,quartz_Li_1.1um_4mday_6mM_unfav,RP,0.05,distance_m,8.0721,3290000.0,primary,Microspheres Quartz Sand Li,V
Li,quartz,1.1,4.0,6.0,unfavorable,quartz_Li_1.1um_4mday_6mM_unfav,RP,0.07,distance_m,7.9211,3290000.0,primary,Microspheres Quartz Sand Li,V
Li,quartz,1.1,4.0,6.0,unfavorable,quartz_Li_1.1um_4mday_6mM_unfav,RP,0.09,distance_m,7.7741,3290000.0,primary,Microspheres Quartz Sand Li,V
Li,quartz,1.1,4.0,6.0,unfavorable,quartz_Li_1.1um_4mday_6mM_unfav,RP,0.11,distance_m,7.6497,3290000.0,primary,Microspheres Quartz Sand Li,V
Li,quartz,1.1,4.0,6.0,unfavorable,quartz_Li_1.1um_4mday_6mM_unfav,RP,0.13,distance_m,7.5179,3290000.0,primary,Microspheres Quartz Sand Li,V
Li,quartz,1.1,4.0,6.0,unfavorable,quartz_Li_1.1um_4mday_6mM_unfav,RP,0.15,distance_m,7.4362,3290000.0,primary,Microspheres Quartz Sand Li,V
Li,quartz,1.1,4.0,6.0,unfavorable,quartz_Li_1.1um_4mday_6mM_unfav,RP,0.17,distance_m,7.3664,3290000.0,primary,Microspheres Quartz Sand Li,V
Li,quartz,1.1,4.0,6.0,unfavorable,quartz_Li_1.1um_4mday_6mM_unfav,RP,0.19,distance_m,7.2591,3290000.0,primary,Microspheres Quartz Sand Li,V
Li,quartz,1.1,4.0,6.0,unfavorable,quartz_Li_1.1um_4mday_6mM_unfav,BTEC,0.69444,PV,-2.8133,349000.0,primary,Microspheres Quartz Sand Li,Y
Li,quartz,1.1,4.0,6.0,unfavorable,quartz_Li_1.1um_4mday_6mM_unfav,BTEC,0.86806,PV,-1.5801,349000.0,primary,Microspheres Quartz Sand Li,Y
Li,quartz,1.1,4.0,6.0,unfavorable,quartz_Li_1.1um_4mday_6mM_unfav,BTEC,1.00694,PV,-0.5493,349000.0,primary,Microspheres Quartz Sand Li,Y
Li,quartz,1.1,4.0,6.0,unfavorable,quartz_Li_1.1um_4mday_6mM_unfav,BTEC,1.07639,PV,-0.4093,349000.0,primary,Microspheres Quartz Sand Li,Y
Li,quartz,1.1,4.0,6.0,unfavorable,quartz_Li_1.1um_4mday_6mM_unfav,BTEC,1.14583,PV,-0.3731,349000.0,primary,Microspheres Quartz Sand Li,Y
Li,quartz,1.1,4.0,6.0,unfavorable,quartz_Li_1.1um_4mday_6mM_unfav,BTEC,1.35417,PV,-0.4412,349000.0,primary,Microspheres Quartz Sand Li,Y
Li,quartz,1.1,4.0,6.0,unfavorable,quartz_Li_1.1um_4mday_6mM_unfav,BTEC,1.5625,PV,-0.3146,349000.0,primary,Microspheres Quartz Sand Li,Y
Li,quartz,1.1,4.0,6.0,unfavorable,quartz_Li_1.1um_4mday_6mM_unfav,BTEC,1.97917,PV,-0.3455,349000.0,primary,Microspheres Quartz Sand Li,Y
Li,quartz,1.1,4.0,6.0,unfavorable,quartz_Li_1.1um_4mday_6mM_unfav,BTEC,2.39583,PV,-0.4251,349000.0,primary,Microspheres Quartz Sand Li,Y
Li,quartz,1.1,4.0,6.0,unfavorable,quartz_Li_1.1um_4mday_6mM_unfav,BTEC,2.8125,PV,-0.4809,349000.0,primary,Microspheres Quartz Sand Li,Y
Li,quartz,1.1,4.0,6.0,unfavorable,quartz_Li_1.1um_4mday_6mM_unfav,BTEC,3.22917,PV,-0.5111,349000.0,primary,Microspheres Quartz Sand Li,Y
Li,quartz,1.1,4.0,6.0,unfavorable,quartz_Li_1.1um_4mday_6mM_unfav,BTEC,3.64583,PV,-0.427,349000.0,primary,Microspheres Quartz Sand Li,Y
Li,quartz,1.1,4.0,6.0,unfavorable,quartz_Li_1.1um_4mday_6mM_unfav,BTEC,3.85417,PV,-0.4905,349000.0,primary,Microspheres Quartz Sand Li,Y
Li,quartz,1.1,4.0,6.0,unfavorable,quartz_Li_1.1um_4mday_6mM_unfav,BTEC,3.92361,PV,-0.6024,349000.0,primary,Microspheres Quartz Sand Li,Y
Li,quartz,1.1,4.0,6.0,unfavorable,quartz_Li_1.1um_4mday_6mM_unfav,BTEC,3.99306,PV,-0.9785,349000.0,primary,Microspheres Quartz Sand Li,Y
Li,quartz,1.1,4.0,6.0,unfavorable,quartz_Li_1.1um_4mday_6mM_unfav,BTEC,4.16667,PV,-1.958,349000.0,primary,Microspheres Quartz Sand Li,Y
Li,quartz,1.1,4.0,6.0,unfavorable,quartz_Li_1.1um_4mday_6mM_unfav,BTEC,4.27083,PV,-2.0476,349000.0,primary,Microspheres Quartz Sand Li,Y
Li,quartz,1.1,4.0,6.0,unfavorable,quartz_Li_1.1um_4mday_6mM_unfav,BTEC,4.6875,PV,-2.207,349000.0,primary,Microspheres Quartz Sand Li,Y
Li,quartz,1.1,4.0,6.0,unfavorable,quartz_Li_1.1um_4mday_6mM_unfav,BTEC,5.52083,PV,-2.7534,349000.0,primary,Microspheres Quartz Sand Li,Y
Li,quartz,1.1,4.0,6.0,unfavorable,quartz_Li_1.1um_4mday_6mM_unfav,BTEC,6.35417,PV,-2.6531,349000.0,primary,Microspheres Quartz Sand Li,Y
Li,quartz,1.1,4.0,6.0,unfavorable,quartz_Li_1.1um_4mday_6mM_unfav,BTEC,7.1875,PV,-2.7824,349000.0,primary,Microspheres Quartz Sand Li,Y
Li,quartz,1.1,4.0,6.0,unfavorable,quartz_Li_1.1um_4mday_6mM_unfav,BTEC,8.02083,PV,-2.5353,349000.0,primary,Microspheres Quartz Sand Li,Y
Li,quartz,1.1,4.0,6.0,unfavorable,quartz_Li_1.1um_4mday_6mM_unfav,BTEC,9.0625,PV,-2.7261,349000.0,primary,Microspheres Quartz Sand Li,Y
Li,quartz,1.1,4.0,6.0,unfavorable,quartz_Li_1.1um_4mday_6mM_unfav,BTEC,9.89583,PV,-2.6882,349000.0,primary,Microspheres Quartz Sand Li,Y
Li,quartz,1.1,4.0,6.0,unfavorable,quartz_Li_1.1um_4mday_6mM_unfav,RP,0.01,distance_m,6.6193,349000.0,primary,Microspheres Quartz Sand Li,Y
Li,quartz,1.1,4.0,6.0,unfavorable,quartz_Li_1.1um_4mday_6mM_unfav,RP,0.03,distance_m,6.9867,349000.0,primary,Microspheres Quartz Sand Li,Y
Li,quartz,1.1,4.0,6.0,unfavorable,quartz_Li_1.1um_4mday_6mM_unfav,RP,0.05,distance_m,6.9393,349000.0,primary,Microspheres Quartz Sand Li,Y
Li,quartz,1.1,4.0,6.0,unfavorable,quartz_Li_1.1um_4mday_6mM_unfav,RP,0.07,distance_m,6.6531,349000.0,primary,Microspheres Quartz Sand Li,Y
Li,quartz,1.1,4.0,6.0,unfavorable,quartz_Li_1.1um_4mday_6mM_unfav,RP,0.09,distance_m,6.6958,349000.0,primary,Microspheres Quartz Sand Li,Y
Li,quartz,1.1,4.0,6.0,unfavorable,quartz_Li_1.1um_4mday_6mM_unfav,RP,0.11,distance_m,6.7232,349000.0,primary,Microspheres Quartz Sand Li,Y
Li,quartz,1.1,4.0,6.0,unfavorable,quartz_Li_1.1um_4mday_6mM_unfav,RP,0.13,distance_m,6.6554,349000.0,primary,Microspheres Quartz Sand Li,Y
Li,quartz,1.1,4.0,6.0,unfavorable,quartz_Li_1.1um_4mday_6mM_unfav,RP,0.15,distance_m,6.6114,349000.0,primary,Microspheres Quartz Sand Li,Y
Li,quartz,1.1,4.0,6.0,unfavorable,quartz_Li_1.1um_4mday_6mM_unfav,RP,0.17,distance_m,6.3796,349000.0,primary,Microspheres Quartz Sand Li,Y
Li,quartz,1.1,4.0,6.0,unfavorable,quartz_Li_1.1um_4mday_6mM_unfav,RP,0.19,distance_m,6.4322,349000.0,primary,Microspheres Quartz Sand Li,Y
Li,quartz,1.1,4.0,6.0,unfavorable,quartz_Li_1.1um_4mday_6mM_unfav,BTEC,0.69444,PV,-3.7778,3290000.0,primary,Microspheres Quartz Sand Li,AB
Li,quartz,1.1,4.0,6.0,unfavorable,quartz_Li_1.1um_4mday_6mM_unfav,BTEC,0.79861,PV,-2.2413,3290000.0,primary,Microspheres Quartz Sand Li,AB
Li,quartz,1.1,4.0,6.0,unfavorable,quartz_Li_1.1um_4mday_6mM_unfav,BTEC,0.86806,PV,-1.4902,3290000.0,primary,Microspheres Quartz Sand Li,AB
Li,quartz,1.1,4.0,6.0,unfavorable,quartz_Li_1.1um_4mday_6mM_unfav,BTEC,0.9375,PV,-0.9893,3290000.0,primary,Microspheres Quartz Sand Li,AB
Li,quartz,1.1,4.0,6.0,unfavorable,quartz_Li_1.1um_4mday_6mM_unfav,BTEC,1.00694,PV,-0.6352,3290000.0,primary,Microspheres Quartz Sand Li,AB
Li,quartz,1.1,4.0,6.0,unfavorable,quartz_Li_1.1um_4mday_6mM_unfav,BTEC,1.07639,PV,-0.4347,3290000.0,primary,Microspheres Quartz Sand Li,AB
Li,quartz,1.1,4.0,6.0,unfavorable,quartz_Li_1.1um_4mday_6mM_unfav,BTEC,1.14583,PV,-0.4241,3290000.0,primary,Microspheres Quartz Sand Li,AB
Li,quartz,1.1,4.0,6.0,unfavorable,quartz_Li_1.1um_4mday_6mM_unfav,BTEC,1.35417,PV,-0.4,3290000.0,primary,Microspheres Quartz Sand Li,AB
Li,quartz,1.1,4.0,6.0,unfavorable,quartz_Li_1.1um_4mday_6mM_unfav,BTEC,1.5625,PV,-0.4101,3290000.0,primary,Microspheres Quartz Sand Li,AB
Li,quartz,1.1,4.0,6.0,unfavorable,quartz_Li_1.1um_4mday_6mM_unfav,BTEC,1.97917,PV,-0.4322,3290000.0,primary,Microspheres Quartz Sand Li,AB
Li,quartz,1.1,4.0,6.0,unfavorable,quartz_Li_1.1um_4mday_6mM_unfav,BTEC,2.39583,PV,-0.4236,3290000.0,primary,Microspheres Quartz Sand Li,AB
Li,quartz,1.1,4.0,6.0,unfavorable,quartz_Li_1.1um_4mday_6mM_unfav,BTEC,2.8125,PV,-0.393,3290000.0,primary,Microspheres Quartz Sand Li,AB
Li,quartz,1.1,4.0,6.0,unfavorable,quartz_Li_1.1um_4mday_6mM_unfav,BTEC,3.22917,PV,-0.4565,3290000.0,primary,Microspheres Quartz Sand Li,AB
Li,quartz,1.1,4.0,6.0,unfavorable,quartz_Li_1.1um_4mday_6mM_unfav,BTEC,3.64583,PV,-0.3932,3290000.0,primary,Microspheres Quartz Sand Li,AB
Li,quartz,1.1,4.0,6.0,unfavorable,quartz_Li_1.1um_4mday_6mM_unfav,BTEC,3.85417,PV,-0.4957,3290000.0,primary,Microspheres Quartz Sand Li,AB
Li,quartz,1.1,4.0,6.0,unfavorable,quartz_Li_1.1um_4mday_6mM_unfav,BTEC,3.92361,PV,-0.6001,3290000.0,primary,Microspheres Quartz Sand Li,AB
Li,quartz,1.1,4.0,6.0,unfavorable,quartz_Li_1.1um_4mday_6mM_unfav,BTEC,3.99306,PV,-0.8686,3290000.0,primary,Microspheres Quartz Sand Li,AB
Li,quartz,1.1,4.0,6.0,unfavorable,quartz_Li_1.1um_4mday_6mM_unfav,BTEC,4.16667,PV,-1.9971,3290000.0,primary,Microspheres Quartz Sand Li,AB
Li,quartz,1.1,4.0,6.0,unfavorable,quartz_Li_1.1um_4mday_6mM_unfav,BTEC,4.6875,PV,-2.4641,3290000.0,primary,Microspheres Quartz Sand Li,AB
Li,quartz,1.1,4.0,6.0,unfavorable,quartz_Li_1.1um_4mday_6mM_unfav,BTEC,5.52083,PV,-2.6474,3290000.0,primary,Microspheres Quartz Sand Li,AB
Li,quartz,1.1,4.0,6.0,unfavorable,quartz_Li_1.1um_4mday_6mM_unfav,BTEC,6.35417,PV,-2.7643,3290000.0,primary,Microspheres Quartz Sand Li,AB
Li,quartz,1.1,4.0,6.0,unfavorable,quartz_Li_1.1um_4mday_6mM_unfav,BTEC,7.1875,PV,-2.8768,3290000.0,primary,Microspheres Quartz Sand Li,AB
Li,quartz,1.1,4.0,6.0,unfavorable,quartz_Li_1.1um_4mday_6mM_unfav,BTEC,8.02083,PV,-2.8996,3290000.0,primary,Microspheres Quartz Sand Li,AB
Li,quartz,1.1,4.0,6.0,unfavorable,quartz_Li_1.1um_4mday_6mM_unfav,BTEC,9.0625,PV,-2.9936,3290000.0,primary,Microspheres Quartz Sand Li,AB
Li,quartz,1.1,4.0,6.0,unfavorable,quartz_Li_1.1um_4mday_6mM_unfav,BTEC,9.89583,PV,-2.9677,3290000.0,primary,Microspheres Quartz Sand Li,AB
Li,quartz,1.1,4.0,6.0,unfavorable,quartz_Li_1.1um_4mday_6mM_unfav,RP,0.01,distance_m,7.4183,3290000.0,primary,Microspheres Quartz Sand Li,AB
Li,quartz,1.1,4.0,6.0,unfavorable,quartz_Li_1.1um_4mday_6mM_unfav,RP,0.03,distance_m,7.8033,3290000.0,primary,Microspheres Quartz Sand Li,AB
Li,quartz,1.1,4.0,6.0,unfavorable,quartz_Li_1.1um_4mday_6mM_unfav,RP,0.05,distance_m,7.9209,3290000.0,primary,Microspheres Quartz Sand Li,AB
Li,quartz,1.1,4.0,6.0,unfavorable,quartz_Li_1.1um_4mday_6mM_unfav,RP,0.07,distance_m,7.8569,3290000.0,primary,Microspheres Quartz Sand Li,AB
Li,quartz,1.1,4.0,6.0,unfavorable,quartz_Li_1.1um_4mday_6mM_unfav,RP,0.09,distance_m,7.7815,3290000.0,primary,Microspheres Quartz Sand Li,AB
Li,quartz,1.1,4.0,6.0,unfavorable,quartz_Li_1.1um_4mday_6mM_unfav,RP,0.11,distance_m,7.7321,3290000.0,primary,Microspheres Quartz Sand Li,AB
Li,quartz,1.1,4.0,6.0,unfavorable,quartz_Li_1.1um_4mday_6mM_unfav,RP,0.13,distance_m,7.6769,3290000.0,primary,Microspheres Quartz Sand Li,AB
Li,quartz,1.1,4.0,6.0,unfavorable,quartz_Li_1.1um_4mday_6mM_unfav,RP,0.15,distance_m,7.601,3290000.0,primary,Microspheres Quartz Sand Li,AB
Li,quartz,1.1,4.0,6.0,unfavorable,quartz_Li_1.1um_4mday_6mM_unfav,RP,0.17,distance_m,7.4968,3290000.0,primary,Microspheres Quartz Sand Li,AB
Li,quartz,1.1,4.0,6.0,unfavorable,quartz_Li_1.1um_4mday_6mM_unfav,RP,0.19,distance_m,7.4182,3290000.0,primary,Microspheres Quartz Sand Li,AB
Li,quartz,1.1,4.0,3.0,unfavorable,quartz_Li_1.1um_4mday_3mM_unfav,BTEC,0.20833,PV,-5.9468,3300000.0,primary,Microspheres Quartz Sand Li,AE
Li,quartz,1.1,4.0,3.0,unfavorable,quartz_Li_1.1um_4mday_3mM_unfav,BTEC,0.41667,PV,-5.9468,3300000.0,primary,Microspheres Quartz Sand Li,AE
Li,quartz,1.1,4.0,3.0,unfavorable,quartz_Li_1.1um_4mday_3mM_unfav,BTEC,0.625,PV,-5.9468,3300000.0,primary,Microspheres Quartz Sand Li,AE
Li,quartz,1.1,4.0,3.0,unfavorable,quartz_Li_1.1um_4mday_3mM_unfav,BTEC,0.69444,PV,-3.964,3300000.0,primary,Microspheres Quartz Sand Li,AE
Li,quartz,1.1,4.0,3.0,unfavorable,quartz_Li_1.1um_4mday_3mM_unfav,BTEC,0.86806,PV,-2.2287,3300000.0,primary,Microspheres Quartz Sand Li,AE
Li,quartz,1.1,4.0,3.0,unfavorable,quartz_Li_1.1um_4mday_3mM_unfav,BTEC,1.00694,PV,-1.0258,3300000.0,primary,Microspheres Quartz Sand Li,AE
Li,quartz,1.1,4.0,3.0,unfavorable,quartz_Li_1.1um_4mday_3mM_unfav,BTEC,1.07639,PV,-0.774,3300000.0,primary,Microspheres Quartz Sand Li,AE
Li,quartz,1.1,4.0,3.0,unfavorable,quartz_Li_1.1um_4mday_3mM_unfav,BTEC,1.14583,PV,-0.6132,3300000.0,primary,Microspheres Quartz Sand Li,AE
Li,quartz,1.1,4.0,3.0,unfavorable,quartz_Li_1.1um_4mday_3mM_unfav,BTEC,1.35417,PV,-0.5474,3300000.0,primary,Microspheres Quartz Sand Li,AE
Li,quartz,1.1,4.0,3.0,unfavorable,quartz_Li_1.1um_4mday_3mM_unfav,BTEC,1.5625,PV,-0.4921,3300000.0,primary,Microspheres Quartz Sand Li,AE
Li,quartz,1.1,4.0,3.0,unfavorable,quartz_Li_1.1um_4mday_3mM_unfav,BTEC,1.97917,PV,-0.4963,3300000.0,primary,Microspheres Quartz Sand Li,AE
Li,quartz,1.1,4.0,3.0,unfavorable,quartz_Li_1.1um_4mday_3mM_unfav,BTEC,2.39583,PV,-0.4891,3300000.0,primary,Microspheres Quartz Sand Li,AE
Li,quartz,1.1,4.0,3.0,unfavorable,quartz_Li_1.1um_4mday_3mM_unfav,BTEC,2.8125,PV,-0.5108,3300000.0,primary,Microspheres Quartz Sand Li,AE
Li,quartz,1.1,4.0,3.0,unfavorable,quartz_Li_1.1um_4mday_3mM_unfav,BTEC,3.22917,PV,-0.5424,3300000.0,primary,Microspheres Quartz Sand Li,AE
Li,quartz,1.1,4.0,3.0,unfavorable,quartz_Li_1.1um_4mday_3mM_unfav,BTEC,3.64583,PV,-0.5124,3300000.0,primary,Microspheres Quartz Sand Li,AE
Li,quartz,1.1,4.0,3.0,unfavorable,quartz_Li_1.1um_4mday_3mM_unfav,BTEC,3.85417,PV,-0.5288,3300000.0,primary,Microspheres Quartz Sand Li,AE
Li,quartz,1.1,4.0,3.0,unfavorable,quartz_Li_1.1um_4mday_3mM_unfav,BTEC,3.92361,PV,-0.567,3300000.0,primary,Microspheres Quartz Sand Li,AE
Li,quartz,1.1,4.0,3.0,unfavorable,quartz_Li_1.1um_4mday_3mM_unfav,BTEC,3.99306,PV,-0.9175,3300000.0,primary,Microspheres Quartz Sand Li,AE
Li,quartz,1.1,4.0,3.0,unfavorable,quartz_Li_1.1um_4mday_3mM_unfav,BTEC,4.16667,PV,-1.4708,3300000.0,primary,Microspheres Quartz Sand Li,AE
Li,quartz,1.1,4.0,3.0,unfavorable,quartz_Li_1.1um_4mday_3mM_unfav,BTEC,4.27083,PV,-1.7688,3300000.0,primary,Microspheres Quartz Sand Li,AE
Li,quartz,1.1,4.0,3.0,unfavorable,quartz_Li_1.1um_4mday_3mM_unfav,BTEC,4.6875,PV,-1.9972,3300000.0,primary,Microspheres Quartz Sand Li,AE
Li,quartz,1.1,4.0,3.0,unfavorable,quartz_Li_1.1um_4mday_3mM_unfav,BTEC,5.52083,PV,-2.2198,3300000.0,primary,Microspheres Quartz Sand Li,AE
Li,quartz,1.1,4.0,3.0,unfavorable,quartz_Li_1.1um_4mday_3mM_unfav,BTEC,6.35417,PV,-2.3641,3300000.0,primary,Microspheres Quartz Sand Li,AE
Li,quartz,1.1,4.0,3.0,unfavorable,quartz_Li_1.1um_4mday_3mM_unfav,BTEC,7.1875,PV,-2.4044,3300000.0,primary,Microspheres Quartz Sand Li,AE
Li,quartz,1.1,4.0,3.0,unfavorable,quartz_Li_1.1um_4mday_3mM_unfav,BTEC,8.02083,PV,-2.4763,3300000.0,primary,Microspheres Quartz Sand Li,AE
Li,quartz,1.1,4.0,3.0,unfavorable,quartz_Li_1.1um_4mday_3mM_unfav,BTEC,9.0625,PV,-2.5347,3300000.0,primary,Microspheres Quartz Sand Li,AE
Li,quartz,1.1,4.0,3.0,unfavorable,quartz_Li_1.1um_4mday_3mM_unfav,BTEC,9.89583,PV,-2.5935,3300000.0,primary,Microspheres Quartz Sand Li,AE
Li,quartz,1.1,4.0,3.0,unfavorable,quartz_Li_1.1um_4mday_3mM_unfav,RP,0.01,distance_m,7.4274,3300000.0,primary,Microspheres Quartz Sand Li,AE
Li,quartz,1.1,4.0,3.0,unfavorable,quartz_Li_1.1um_4mday_3mM_unfav,RP,0.03,distance_m,7.8464,3300000.0,primary,Microspheres Quartz Sand Li,AE
Li,quartz,1.1,4.0,3.0,unfavorable,quartz_Li_1.1um_4mday_3mM_unfav,RP,0.05,distance_m,7.9118,3300000.0,primary,Microspheres Quartz Sand Li,AE
Li,quartz,1.1,4.0,3.0,unfavorable,quartz_Li_1.1um_4mday_3mM_unfav,RP,0.07,distance_m,7.8076,3300000.0,primary,Microspheres Quartz Sand Li,AE
Li,quartz,1.1,4.0,3.0,unfavorable,quartz_Li_1.1um_4mday_3mM_unfav,RP,0.09,distance_m,7.7716,3300000.0,primary,Microspheres Quartz Sand Li,AE
Li,quartz,1.1,4.0,3.0,unfavorable,quartz_Li_1.1um_4mday_3mM_unfav,RP,0.11,distance_m,7.6581,3300000.0,primary,Microspheres Quartz Sand Li,AE
Li,quartz,1.1,4.0,3.0,unfavorable,quartz_Li_1.1um_4mday_3mM_unfav,RP,0.13,distance_m,7.5358,3300000.0,primary,Microspheres Quartz Sand Li,AE
Li,quartz,1.1,4.0,3.0,unfavorable,quartz_Li_1.1um_4mday_3mM_unfav,RP,0.15,distance_m,7.4708,3300000.0,primary,Microspheres Quartz Sand Li,AE
Li,quartz,1.1,4.0,3.0,unfavorable,quartz_Li_1.1um_4mday_3mM_unfav,RP,0.17,distance_m,7.3447,3300000.0,primary,Microspheres Quartz Sand Li,AE
Li,quartz,1.1,4.0,3.0,unfavorable,quartz_Li_1.1um_4mday_3mM_unfav,RP,0.19,distance_m,7.2907,3300000.0,primary,Microspheres Quartz Sand Li,AE
Li,quartz,1.1,4.0,3.0,unfavorable,quartz_Li_1.1um_4mday_3mM_unfav,BTEC,0.69444,PV,-4.1074,3210000.0,primary,Microspheres Quartz Sand Li,AH
Li,quartz,1.1,4.0,3.0,unfavorable,quartz_Li_1.1um_4mday_3mM_unfav,BTEC,0.86806,PV,-1.5971,3210000.0,primary,Microspheres Quartz Sand Li,AH
Li,quartz,1.1,4.0,3.0,unfavorable,quartz_Li_1.1um_4mday_3mM_unfav,BTEC,1.00694,PV,-0.3388,3210000.0,primary,Microspheres Quartz Sand Li,AH
Li,quartz,1.1,4.0,3.0,unfavorable,quartz_Li_1.1um_4mday_3mM_unfav,BTEC,1.07639,PV,-0.1825,3210000.0,primary,Microspheres Quartz Sand Li,AH
Li,quartz,1.1,4.0,3.0,unfavorable,quartz_Li_1.1um_4mday_3mM_unfav,BTEC,1.14583,PV,-0.1169,3210000.0,primary,Microspheres Quartz Sand Li,AH
Li,quartz,1.1,4.0,3.0,unfavorable,quartz_Li_1.1um_4mday_3mM_unfav,BTEC,1.35417,PV,-0.1303,3210000.0,primary,Microspheres Quartz Sand Li,AH
Li,quartz,1.1,4.0,3.0,unfavorable,quartz_Li_1.1um_4mday_3mM_unfav,BTEC,1.5625,PV,-0.099,3210000.0,primary,Microspheres Quartz Sand Li,AH
Li,quartz,1.1,4.0,3.0,unfavorable,quartz_Li_1.1um_4mday_3mM_unfav,BTEC,1.97917,PV,-0.0935,3210000.0,primary,Microspheres Quartz Sand Li,AH
Li,quartz,1.1,4.0,3.0,unfavorable,quartz_Li_1.1um_4mday_3mM_unfav,BTEC,2.39583,PV,-0.0926,3210000.0,primary,Microspheres Quartz Sand Li,AH
Li,quartz,1.1,4.0,3.0,unfavorable,quartz_Li_1.1um_4mday_3mM_unfav,BTEC,2.8125,PV,-0.1467,3210000.0,primary,Microspheres Quartz Sand Li,AH
Li,quartz,1.1,4.0,3.0,unfavorable,quartz_Li_1.1um_4mday_3mM_unfav,BTEC,3.22917,PV,-0.0995,3210000.0,primary,Microspheres Quartz Sand Li,AH
Li,quartz,1.1,4.0,3.0,unfavorable,quartz_Li_1.1um_4mday_3mM_unfav,BTEC,3.64583,PV,-0.1294,3210000.0,primary,Microspheres Quartz Sand Li,AH
Li,quartz,1.1,4.0,3.0,unfavorable,quartz_Li_1.1um_4mday_3mM_unfav,BTEC,3.85417,PV,-0.1201,3210000.0,primary,Microspheres Quartz Sand Li,AH
Li,quartz,1.1,4.0,3.0,unfavorable,quartz_Li_1.1um_4mday_3mM_unfav,BTEC,3.92361,PV,-0.2001,3210000.0,primary,Microspheres Quartz Sand Li,AH
Li,quartz,1.1,4.0,3.0,unfavorable,quartz_Li_1.1um_4mday_3mM_unfav,BTEC,3.99306,PV,-0.444,3210000.0,primary,Microspheres Quartz Sand Li,AH
Li,quartz,1.1,4.0,3.0,unfavorable,quartz_Li_1.1um_4mday_3mM_unfav,BTEC,4.16667,PV,-1.8442,3210000.0,primary,Microspheres Quartz Sand Li,AH
Li,quartz,1.1,4.0,3.0,unfavorable,quartz_Li_1.1um_4mday_3mM_unfav,BTEC,4.27083,PV,-2.1447,3210000.0,primary,Microspheres Quartz Sand Li,AH
Li,quartz,1.1,4.0,3.0,unfavorable,quartz_Li_1.1um_4mday_3mM_unfav,BTEC,4.6875,PV,-2.3801,3210000.0,primary,Microspheres Quartz Sand Li,AH
Li,quartz,1.1,4.0,3.0,unfavorable,quartz_Li_1.1um_4mday_3mM_unfav,BTEC,5.52083,PV,-2.5601,3210000.0,primary,Microspheres Quartz Sand Li,AH
Li,quartz,1.1,4.0,3.0,unfavorable,quartz_Li_1.1um_4mday_3mM_unfav,BTEC,6.35417,PV,-2.7375,3210000.0,primary,Microspheres Quartz Sand Li,AH
Li,quartz,1.1,4.0,3.0,unfavorable,quartz_Li_1.1um_4mday_3mM_unfav,BTEC,7.1875,PV,-2.7928,3210000.0,primary,Microspheres Quartz Sand Li,AH
Li,quartz,1.1,4.0,3.0,unfavorable,quartz_Li_1.1um_4mday_3mM_unfav,BTEC,8.02083,PV,-2.8779,3210000.0,primary,Microspheres Quartz Sand Li,AH
Li,quartz,1.1,4.0,3.0,unfavorable,quartz_Li_1.1um_4mday_3mM_unfav,BTEC,9.0625,PV,-2.9515,3210000.0,primary,Microspheres Quartz Sand Li,AH
Li,quartz,1.1,4.0,3.0,unfavorable,quartz_Li_1.1um_4mday_3mM_unfav,BTEC,9.89583,PV,-2.8437,3210000.0,primary,Microspheres Quartz Sand Li,AH
Li,quartz,1.1,4.0,3.0,unfavorable,quartz_Li_1.1um_4mday_3mM_unfav,RP,0.01,distance_m,6.6002,3210000.0,primary,Microspheres Quartz Sand Li,AH
Li,quartz,1.1,4.0,3.0,unfavorable,quartz_Li_1.1um_4mday_3mM_unfav,RP,0.03,distance_m,7.1991,3210000.0,primary,Microspheres Quartz Sand Li,AH
Li,quartz,1.1,4.0,3.0,unfavorable,quartz_Li_1.1um_4mday_3mM_unfav,RP,0.05,distance_m,7.3249,3210000.0,primary,Microspheres Quartz Sand Li,AH
Li,quartz,1.1,4.0,3.0,unfavorable,quartz_Li_1.1um_4mday_3mM_unfav,RP,0.07,distance_m,7.401,3210000.0,primary,Microspheres Quartz Sand Li,AH
Li,quartz,1.1,4.0,3.0,unfavorable,quartz_Li_1.1um_4mday_3mM_unfav,RP,0.09,distance_m,7.3387,3210000.0,primary,Microspheres Quartz Sand Li,AH
Li,quartz,1.1,4.0,3.0,unfavorable,quartz_Li_1.1um_4mday_3mM_unfav,RP,0.11,distance_m,7.2725,3210000.0,primary,Microspheres Quartz Sand Li,AH
Li,quartz,1.1,4.0,3.0,unfavorable,quartz_Li_1.1um_4mday_3mM_unfav,RP,0.13,distance_m,7.3144,3210000.0,primary,Microspheres Quartz Sand Li,AH
Li,quartz,1.1,4.0,3.0,unfavorable,quartz_Li_1.1um_4mday_3mM_unfav,RP,0.15,distance_m,7.2668,3210000.0,primary,Microspheres Quartz Sand Li,AH
Li,quartz,1.1,4.0,3.0,unfavorable,quartz_Li_1.1um_4mday_3mM_unfav,RP,0.17,distance_m,7.2434,3210000.0,primary,Microspheres Quartz Sand Li,AH
Li,quartz,1.1,4.0,3.0,unfavorable,quartz_Li_1.1um_4mday_3mM_unfav,RP,0.19,distance_m,7.161,3210000.0,primary,Microspheres Quartz Sand Li,AH
Li,quartz,1.1,4.0,1.0,unfavorable,quartz_Li_1.1um_4mday_1mM_unfav,BTEC,0.69444,PV,-3.7874,3220000.0,primary,Microspheres Quartz Sand Li,AK
Li,quartz,1.1,4.0,1.0,unfavorable,quartz_Li_1.1um_4mday_1mM_unfav,BTEC,0.79861,PV,-2.6265,3220000.0,primary,Microspheres Quartz Sand Li,AK
Li,quartz,1.1,4.0,1.0,unfavorable,quartz_Li_1.1um_4mday_1mM_unfav,BTEC,0.86806,PV,-1.4542,3220000.0,primary,Microspheres Quartz Sand Li,AK
Li,quartz,1.1,4.0,1.0,unfavorable,quartz_Li_1.1um_4mday_1mM_unfav,BTEC,0.9375,PV,-0.5624,3220000.0,primary,Microspheres Quartz Sand Li,AK
Li,quartz,1.1,4.0,1.0,unfavorable,quartz_Li_1.1um_4mday_1mM_unfav,BTEC,1.00694,PV,-0.2553,3220000.0,primary,Microspheres Quartz Sand Li,AK
Li,quartz,1.1,4.0,1.0,unfavorable,quartz_Li_1.1um_4mday_1mM_unfav,BTEC,1.07639,PV,-0.0921,3220000.0,primary,Microspheres Quartz Sand Li,AK
Li,quartz,1.1,4.0,1.0,unfavorable,quartz_Li_1.1um_4mday_1mM_unfav,BTEC,1.14583,PV,-0.051,3220000.0,primary,Microspheres Quartz Sand Li,AK
Li,quartz,1.1,4.0,1.0,unfavorable,quartz_Li_1.1um_4mday_1mM_unfav,BTEC,1.35417,PV,-0.023,3220000.0,primary,Microspheres Quartz Sand Li,AK
Li,quartz,1.1,4.0,1.0,unfavorable,quartz_Li_1.1um_4mday_1mM_unfav,BTEC,1.5625,PV,-0.0051,3220000.0,primary,Microspheres Quartz Sand Li,AK
Li,quartz,1.1,4.0,1.0,unfavorable,quartz_Li_1.1um_4mday_1mM_unfav,BTEC,1.97917,PV,-0.0392,3220000.0,primary,Microspheres Quartz Sand Li,AK
Li,quartz,1.1,4.0,1.0,unfavorable,quartz_Li_1.1um_4mday_1mM_unfav,BTEC,2.39583,PV,-0.0441,3220000.0,primary,Microspheres Quartz Sand Li,AK
Li,quartz,1.1,4.0,1.0,unfavorable,quartz_Li_1.1um_4mday_1mM_unfav,BTEC,2.8125,PV,-0.0417,3220000.0,primary,Microspheres Quartz Sand Li,AK
Li,quartz,1.1,4.0,1.0,unfavorable,quartz_Li_1.1um_4mday_1mM_unfav,BTEC,3.22917,PV,-0.024,3220000.0,primary,Microspheres Quartz Sand Li,AK
Li,quartz,1.1,4.0,1.0,unfavorable,quartz_Li_1.1um_4mday_1mM_unfav,BTEC,3.64583,PV,-0.0086,3220000.0,primary,Microspheres Quartz Sand Li,AK
Li,quartz,1.1,4.0,1.0,unfavorable,quartz_Li_1.1um_4mday_1mM_unfav,BTEC,3.85417,PV,-0.0431,3220000.0,primary,Microspheres Quartz Sand Li,AK
Li,quartz,1.1,4.0,1.0,unfavorable,quartz_Li_1.1um_4mday_1mM_unfav,BTEC,3.92361,PV,-0.1255,3220000.0,primary,Microspheres Quartz Sand Li,AK
Li,quartz,1.1,4.0,1.0,unfavorable,quartz_Li_1.1um_4mday_1mM_unfav,BTEC,3.99306,PV,-0.4652,3220000.0,primary,Microspheres Quartz Sand Li,AK
Li,quartz,1.1,4.0,1.0,unfavorable,quartz_Li_1.1um_4mday_1mM_unfav,BTEC,4.16667,PV,-1.6154,3220000.0,primary,Microspheres Quartz Sand Li,AK
Li,quartz,1.1,4.0,1.0,unfavorable,quartz_Li_1.1um_4mday_1mM_unfav,BTEC,4.6875,PV,-2.1354,3220000.0,primary,Microspheres Quartz Sand Li,AK
Li,quartz,1.1,4.0,1.0,unfavorable,quartz_Li_1.1um_4mday_1mM_unfav,BTEC,5.52083,PV,-2.4169,3220000.0,primary,Microspheres Quartz Sand Li,AK
Li,quartz,1.1,4.0,1.0,unfavorable,quartz_Li_1.1um_4mday_1mM_unfav,BTEC,6.35417,PV,-2.5849,3220000.0,primary,Microspheres Quartz Sand Li,AK
Li,quartz,1.1,4.0,1.0,unfavorable,quartz_Li_1.1um_4mday_1mM_unfav,BTEC,7.1875,PV,-2.6524,3220000.0,primary,Microspheres Quartz Sand Li,AK
Li,quartz,1.1,4.0,1.0,unfavorable,quartz_Li_1.1um_4mday_1mM_unfav,BTEC,8.02083,PV,-2.75,3220000.0,primary,Microspheres Quartz Sand Li,AK
Li,quartz,1.1,4.0,1.0,unfavorable,quartz_Li_1.1um_4mday_1mM_unfav,BTEC,9.0625,PV,-2.8181,3220000.0,primary,Microspheres Quartz Sand Li,AK
Li,quartz,1.1,4.0,1.0,unfavorable,quartz_Li_1.1um_4mday_1mM_unfav,BTEC,9.89583,PV,-2.9008,3220000.0,primary,Microspheres Quartz Sand Li,AK
Li,quartz,1.1,4.0,1.0,unfavorable,quartz_Li_1.1um_4mday_1mM_unfav,RP,0.01,distance_m,6.7258,3220000.0,primary,Microspheres Quartz Sand Li,AK
Li,quartz,1.1,4.0,1.0,unfavorable,quartz_Li_1.1um_4mday_1mM_unfav,RP,0.03,distance_m,6.6324,3220000.0,primary,Microspheres Quartz Sand Li,AK
Li,quartz,1.1,4.0,1.0,unfavorable,quartz_Li_1.1um_4mday_1mM_unfav,RP,0.05,distance_m,6.5291,3220000.0,primary,Microspheres Quartz Sand Li,AK
Li,quartz,1.1,4.0,1.0,unfavorable,quartz_Li_1.1um_4mday_1mM_unfav,RP,0.07,distance_m,6.555,3220000.0,primary,Microspheres Quartz Sand Li,AK
Li,quartz,1.1,4.0,1.0,unfavorable,quartz_Li_1.1um_4mday_1mM_unfav,RP,0.09,distance_m,6.5753,3220000.0,primary,Microspheres Quartz Sand Li,AK
Li,quartz,1.1,4.0,1.0,unfavorable,quartz_Li_1.1um_4mday_1mM_unfav,RP,0.11,distance_m,6.611,3220000.0,primary,Microspheres Quartz Sand Li,AK
Li,quartz,1.1,4.0,1.0,unfavorable,quartz_Li_1.1um_4mday_1mM_unfav,RP,0.13,distance_m,6.5966,3220000.0,primary,Microspheres Quartz Sand Li,AK
Li,quartz,1.1,4.0,1.0,unfavorable,quartz_Li_1.1um_4mday_1mM_unfav,RP,0.15,distance_m,6.6673,3220000.0,primary,Microspheres Quartz Sand Li,AK
Li,quartz,1.1,4.0,1.0,unfavorable,quartz_Li_1.1um_4mday_1mM_unfav,RP,0.17,distance_m,6.7199,3220000.0,primary,Microspheres Quartz Sand Li,AK
Li,quartz,1.1,4.0,1.0,unfavorable,quartz_Li_1.1um_4mday_1mM_unfav,RP,0.19,distance_m,6.7638,3220000.0,primary,Microspheres Quartz Sand Li,AK
